ts_code,trade_date,close,open,high,low,pre_close,change,pct_chg,vol,amount
000688.SH,2023-01-03,979.9129,960.5094,982.239,956.7036,959.9046,20.0083,2.0844,11260680.0,47137521.002
000688.SH,2023-01-04,972.3783,982.0256,983.8397,966.2852,979.9129,-7.5346,-0.7689,9969593.0,43347499.596
000688.SH,2023-01-05,983.5198,972.606,985.8163,969.318,972.3783,11.1415,1.1458,10431918.0,46691753.363
000688.SH,2023-01-06,991.0952,985.9934,1003.045,984.0247,983.5198,7.5754,0.7702,11444622.0,51540933.418
000688.SH,2023-01-09,988.6687,994.7397,1000.0673,986.165,991.0952,-2.4265,-0.2448,10381752.0,47866647.75
000688.SH,2023-01-10,990.3153,989.8491,998.1597,985.2184,988.6687,1.6466,0.1665,9545891.0,43450196.099
000688.SH,2023-01-11,973.9615,990.1451,993.4742,973.5585,990.3153,-16.3538,-1.6514,9935611.0,45956907.726
000688.SH,2023-01-12,974.1936,978.3612,979.3554,971.4967,973.9615,0.2321,0.0238,9156746.0,40898126.107
000688.SH,2023-01-13,974.3118,976.5797,977.0551,967.1122,974.1936,0.1182,0.0121,9132180.0,41421090.096
000688.SH,2023-01-16,992.6127,972.7034,1000.2674,971.9038,974.3118,18.3009,1.8783,13295506.0,60220009.142
000688.SH,2023-01-17,1003.6765,994.6421,1006.5856,993.4538,992.6127,11.0638,1.1146,10530097.0,49292823.529
000688.SH,2023-01-18,1006.7455,1006.688,1009.8746,1001.7536,1003.6765,3.069,0.3058,9384388.0,40107877.79
000688.SH,2023-01-19,1023.6512,1004.7854,1023.707,1004.0824,1006.7455,16.9057,1.6792,10429025.0,47849458.727
000688.SH,2023-01-20,1029.135,1025.0044,1034.5853,1024.1561,1023.6512,5.4838,0.5357,9878585.0,45914395.843
000688.SH,2023-01-30,1031.6097,1046.437,1051.6741,1031.3578,1029.135,2.4747,0.2405,14771562.0,65873911.371
000688.SH,2023-01-31,1014.3578,1027.8189,1029.6248,1014.1267,1031.6097,-17.2519,-1.6723,11950707.0,54352162.179
000688.SH,2023-02-01,1026.3979,1016.3108,1026.8686,1010.4001,1014.3578,12.0401,1.187,13265177.0,59104192.243
000688.SH,2023-02-02,1031.6796,1030.3347,1041.2432,1028.3707,1026.3979,5.2817,0.5146,15089642.0,67219065.122
000688.SH,2023-02-03,1033.8698,1029.1179,1034.2606,1016.9074,1031.6796,2.1902,0.2123,13436468.0,57900360.865
000688.SH,2023-02-06,1024.4263,1031.9175,1038.2737,1020.8148,1033.8698,-9.4435,-0.9134,13472147.0,59600662.11
000688.SH,2023-02-07,1020.1661,1024.2366,1027.7606,1014.4841,1024.4263,-4.2602,-0.4159,13468151.0,58821993.748
000688.SH,2023-02-08,1010.6939,1021.1612,1026.2165,1010.6939,1020.1661,-9.4722,-0.9285,12411983.0,52605683.858
000688.SH,2023-02-09,1036.8609,1007.839,1037.7034,1004.6711,1010.6939,26.167,2.589,15250329.0,66019205.235
000688.SH,2023-02-10,1024.538,1034.2179,1038.6002,1018.7612,1036.8609,-12.3229,-1.1885,15500931.0,66056252.509
000688.SH,2023-02-13,1024.0363,1020.5503,1031.4729,1017.5878,1024.538,-0.5017,-0.049,14680015.0,66450342.88
000688.SH,2023-02-14,1022.6687,1026.4502,1032.5889,1016.928,1024.0363,-1.3676,-0.1335,13336025.0,58720169.638
000688.SH,2023-02-15,1024.2168,1022.7935,1026.2007,1016.2463,1022.6687,1.5481,0.1514,14513134.0,63242881.08
000688.SH,2023-02-16,1005.18,1024.1207,1030.427,998.9589,1024.2168,-19.0368,-1.8587,18716012.0,75322335.239
000688.SH,2023-02-17,986.3345,1002.082,1005.3773,986.3345,1005.18,-18.8455,-1.8748,13315050.0,56090801.829
000688.SH,2023-02-20,998.8316,985.1131,999.9753,979.8278,986.3345,12.4971,1.267,12940704.0,54599234.284
000688.SH,2023-02-21,995.7253,997.5542,1003.1806,989.9805,998.8316,-3.1063,-0.311,12560806.0,52558324.07
000688.SH,2023-02-22,989.6532,988.7885,993.5206,987.2775,995.7253,-6.0721,-0.6098,11471029.0,46779732.329
000688.SH,2023-02-23,992.4615,988.1959,997.764,988.1959,989.6532,2.8083,0.2838,11555135.0,48375296.835
000688.SH,2023-02-24,990.6316,996.0282,999.7993,988.331,992.4615,-1.8299,-0.1844,10365102.0,45187501.766
000688.SH,2023-02-27,986.2821,988.1077,996.1181,983.9222,990.6316,-4.3495,-0.4391,13105651.0,51998040.873
000688.SH,2023-02-28,990.4668,991.4395,994.7261,980.1039,986.2821,4.1847,0.4243,13030246.0,52437860.132
000688.SH,2023-03-01,994.634,989.1076,998.0649,984.5922,990.4668,4.1672,0.4207,16923481.0,59409788.693
000688.SH,2023-03-02,988.8943,994.5436,997.4647,987.9103,994.634,-5.7397,-0.5771,16987362.0,60486332.441
000688.SH,2023-03-03,998.9005,996.0998,1002.4766,990.2691,988.8943,10.0062,1.0119,15729559.0,59048269.474
000688.SH,2023-03-06,1007.6347,999.7237,1011.0346,991.6618,998.9005,8.7342,0.8744,16894733.0,67507755.741
000688.SH,2023-03-07,990.575,1005.6193,1008.0787,990.2126,1007.6347,-17.0597,-1.693,16561087.0,58853540.435
000688.SH,2023-03-08,994.8858,989.707,996.8059,987.9691,990.575,4.3108,0.4352,13918512.0,51460668.801
000688.SH,2023-03-09,998.3033,996.5634,1003.1974,992.2082,994.8858,3.4175,0.3435,14563629.0,59155878.336
000688.SH,2023-03-10,993.5522,990.8994,1003.8865,987.4988,998.3033,-4.7511,-0.4759,15658157.0,61260192.998
000688.SH,2023-03-13,998.9069,992.9416,1000.0178,991.1574,993.5522,5.3547,0.5389,15444107.0,59463126.921
000688.SH,2023-03-14,1013.3904,997.7704,1017.693,989.3317,998.9069,14.4835,1.4499,18844123.0,74141319.517
000688.SH,2023-03-15,1007.3043,1016.1778,1027.1658,1007.1799,1013.3904,-6.0861,-0.6006,17202626.0,69700214.429
000688.SH,2023-03-16,992.4352,1001.5166,1010.2789,990.1628,1007.3043,-14.8691,-1.4761,16082071.0,62856063.103
000688.SH,2023-03-17,1015.7576,1002.3656,1021.8344,995.0794,992.4352,23.3224,2.35,19707246.0,83230830.954
000688.SH,2023-03-20,1025.3214,1016.2287,1035.278,1012.451,1015.7576,9.5638,0.9415,20209621.0,88801513.312
000688.SH,2023-03-21,1030.1859,1024.5325,1030.1859,1020.5172,1025.3214,4.8645,0.4744,15983189.0,68357468.91
000688.SH,2023-03-22,1034.0494,1031.6142,1039.1577,1028.3053,1030.1859,3.8635,0.375,17059582.0,75836218.612
000688.SH,2023-03-23,1058.9879,1030.4658,1058.9879,1030.4658,1034.0494,24.9385,2.4117,20085463.0,92513367.157
000688.SH,2023-03-24,1060.9865,1058.1192,1064.1248,1051.0479,1058.9879,1.9986,0.1887,20005305.0,91345727.61
000688.SH,2023-03-27,1057.4871,1057.1723,1070.1846,1044.7016,1060.9865,-3.4994,-0.3298,20895865.0,95171918.032
000688.SH,2023-03-28,1038.6252,1059.6662,1065.9492,1037.0076,1057.4871,-18.8619,-1.7837,17470067.0,79848094.051
000688.SH,2023-03-29,1062.1362,1039.7949,1076.0582,1035.6779,1038.6252,23.511,2.2637,18078374.0,87270623.688
000688.SH,2023-03-30,1065.6902,1065.3871,1070.1058,1053.5267,1062.1362,3.554,0.3346,16252582.0,78790289.031
000688.SH,2023-03-31,1081.5406,1063.2879,1083.1624,1059.3604,1065.6902,15.8504,1.4873,16056229.0,79942699.628
000688.SH,2023-04-03,1126.4885,1093.0751,1128.2317,1090.7461,1081.5406,44.9479,4.1559,22345749.0,112681541.727
000688.SH,2023-04-04,1129.0844,1122.383,1147.7318,1115.7391,1126.4885,2.5959,0.2304,26905799.0,133820017.384
000688.SH,2023-04-06,1146.9642,1127.0315,1165.3352,1127.0315,1129.0844,17.8798,1.5836,26538856.0,137333131.257
000688.SH,2023-04-07,1161.0214,1149.536,1162.5715,1141.8277,1146.9642,14.0572,1.2256,22424695.0,112598687.63
000688.SH,2023-04-10,1129.1723,1164.9829,1171.3049,1126.0469,1161.0214,-31.8491,-2.7432,26075743.0,132660481.893
000688.SH,2023-04-11,1121.7402,1132.2222,1138.6179,1109.2238,1129.1723,-7.4321,-0.6582,21302438.0,109725195.185
000688.SH,2023-04-12,1129.4062,1118.1286,1139.0881,1112.4454,1121.7402,7.666,0.6834,21288229.0,107404476.704
000688.SH,2023-04-13,1100.1259,1122.3706,1124.7093,1098.1183,1129.4062,-29.2803,-2.5925,21642002.0,104596744.966
000688.SH,2023-04-14,1136.2134,1107.6247,1137.9521,1095.9566,1100.1259,36.0875,3.2803,23625575.0,116304145.252
000688.SH,2023-04-17,1140.1303,1134.0507,1151.3983,1134.0507,1136.2134,3.9169,0.3447,22116216.0,106058779.471
000688.SH,2023-04-18,1129.8171,1130.8127,1137.8301,1114.8347,1140.1303,-10.3132,-0.9046,19347408.0,96219153.369
000688.SH,2023-04-19,1134.4041,1131.7402,1151.6751,1127.7143,1129.8171,4.587,0.406,20114570.0,104122564.522
000688.SH,2023-04-20,1164.9478,1134.9374,1165.6827,1134.9374,1134.4041,30.5437,2.6925,27229110.0,125797256.34
000688.SH,2023-04-21,1116.8252,1162.938,1167.5365,1116.8252,1164.9478,-48.1226,-4.1309,28650984.0,123461125.024
000688.SH,2023-04-24,1096.3774,1116.6656,1118.7652,1089.9618,1116.8252,-20.4478,-1.8309,23101640.0,101253179.263
000688.SH,2023-04-25,1076.8646,1095.9456,1102.386,1068.7178,1096.3774,-19.5128,-1.7798,22597602.0,101866667.944
000688.SH,2023-04-26,1069.0054,1072.6959,1085.9677,1060.1333,1076.8646,-7.8592,-0.7298,22745807.0,101368656.897
000688.SH,2023-04-27,1068.0119,1063.5302,1082.031,1059.95,1069.0054,-0.9935,-0.0929,18987330.0,88951331.859
000688.SH,2023-04-28,1087.8686,1060.7062,1089.7418,1060.7062,1068.0119,19.8567,1.8592,20603987.0,95217179.555
000688.SH,2023-05-04,1064.2044,1077.8519,1082.8354,1060.3044,1087.8686,-23.6642,-2.1753,20084234.0,84227253.464
000688.SH,2023-05-05,1049.0884,1062.6626,1067.4137,1047.0917,1064.2044,-15.116,-1.4204,19637312.0,79294805.69
000688.SH,2023-05-08,1057.2139,1050.0999,1063.8948,1046.2641,1049.0884,8.1255,0.7745,17974243.0,71848727.848
000688.SH,2023-05-09,1034.2124,1058.373,1063.0194,1034.1858,1057.2139,-23.0015,-2.1757,19030597.0,78166984.508
000688.SH,2023-05-10,1025.7059,1031.129,1038.1062,1018.0784,1034.2124,-8.5065,-0.8225,22885687.0,71446868.978
000688.SH,2023-05-11,1025.971,1035.1831,1042.3169,1025.5695,1025.7059,0.2651,0.0258,17588344.0,61442553.017
000688.SH,2023-05-12,1014.1052,1028.3604,1036.8794,1014.0205,1025.971,-11.8658,-1.1565,15956440.0,59112338.372
000688.SH,2023-05-15,1025.7852,1013.526,1025.9054,1006.2993,1014.1052,11.68,1.1518,16836051.0,63962743.041
000688.SH,2023-05-16,1025.8656,1029.3297,1033.8183,1022.3382,1025.7852,0.0804,0.0078,17614131.0,64673406.126
000688.SH,2023-05-17,1029.6495,1025.4468,1035.145,1024.182,1025.8656,3.7839,0.3688,16864851.0,60956850.977
000688.SH,2023-05-18,1034.8222,1031.4041,1038.5154,1027.7566,1029.6495,5.1727,0.5024,19118822.0,71590896.833
000688.SH,2023-05-19,1040.1612,1040.3461,1048.9048,1036.9679,1034.8222,5.339,0.5159,20303218.0,78787510.283
000688.SH,2023-05-22,1032.1118,1040.8291,1048.4735,1027.441,1040.1612,-8.0494,-0.7739,16554774.0,63112310.423
000688.SH,2023-05-23,1016.1058,1029.1436,1029.3268,1016.1058,1032.1118,-16.006,-1.5508,15240431.0,56630553.798
000688.SH,2023-05-24,1011.7735,1011.1241,1024.0659,1006.7144,1016.1058,-4.3323,-0.4264,17253064.0,66555091.732
000688.SH,2023-05-25,1021.7194,1016.9164,1023.4249,1006.7905,1011.7735,9.9459,0.983,16642805.0,66550871.801
000688.SH,2023-05-26,1038.6612,1023.8581,1040.6728,1022.1115,1021.7194,16.9418,1.6582,15634356.0,65742723.946
000688.SH,2023-05-29,1028.3796,1041.27,1047.3601,1026.826,1038.6612,-10.2816,-0.9899,18659870.0,78556835.786
000688.SH,2023-05-30,1044.4253,1025.8257,1047.4726,1022.1507,1028.3796,16.0457,1.5603,17457968.0,69227145.676
000688.SH,2023-05-31,1053.9095,1040.3387,1053.9095,1037.6277,1044.4253,9.4842,0.9081,18804422.0,77601945.793
000688.SH,2023-06-01,1053.549,1048.9542,1067.2286,1044.979,1053.9095,-0.3605,-0.0342,20426297.0,81363288.116
000688.SH,2023-06-02,1053.2906,1055.9483,1059.2489,1047.3682,1053.549,-0.2584,-0.0245,18112868.0,72564650.445
000688.SH,2023-06-05,1051.7336,1063.1494,1068.298,1049.4464,1053.2906,-1.557,-0.1478,17502161.0,73780939.362
000688.SH,2023-06-06,1022.9844,1047.9186,1048.2956,1021.0021,1051.7336,-28.7492,-2.7335,18426402.0,74379922.945
000688.SH,2023-06-07,1019.0506,1023.9501,1026.4648,1015.3388,1022.9844,-3.9338,-0.3845,15778532.0,63693249.071
000688.SH,2023-06-08,1007.1198,1012.656,1014.5674,1001.7524,1019.0506,-11.9308,-1.1708,17727474.0,67639673.481
000688.SH,2023-06-09,1032.551,1008.9027,1032.551,1003.3235,1007.1198,25.4312,2.5251,24684305.0,92922139.215
000688.SH,2023-06-12,1026.6391,1030.2582,1032.0937,1022.403,1032.551,-5.9119,-0.5726,20110923.0,79144447.058
000688.SH,2023-06-13,1039.4627,1025.21,1043.9612,1021.2667,1026.6391,12.8236,1.2491,18988534.0,76481117.521
000688.SH,2023-06-14,1035.3136,1038.8898,1040.3339,1031.0687,1039.4627,-4.1491,-0.3992,19049046.0,76346612.742
000688.SH,2023-06-15,1033.8503,1036.3109,1038.7231,1029.7398,1035.3136,-1.4633,-0.1413,21223890.0,86008114.35
000688.SH,2023-06-16,1052.883,1034.4248,1055.0788,1032.3141,1033.8503,19.0327,1.841,21132829.0,85733406.883
000688.SH,2023-06-19,1055.4541,1053.3425,1059.9784,1044.9751,1052.883,2.5711,0.2442,23703244.0,97506851.878
000688.SH,2023-06-20,1055.412,1054.5106,1058.6038,1043.4967,1055.4541,-0.0421,-0.004,23794637.0,98210003.771
000688.SH,2023-06-21,1020.2214,1050.1242,1051.0235,1020.1422,1055.412,-35.1906,-3.3343,21023428.0,86510625.593
000688.SH,2023-06-26,1010.3139,1011.1484,1029.9437,1006.3542,1020.2214,-9.9075,-0.9711,19884217.0,78401880.377
000688.SH,2023-06-27,1011.3515,1011.0821,1018.8955,1006.7875,1010.3139,1.0376,0.1027,17787955.0,66973507.617
000688.SH,2023-06-28,1008.2186,1017.0812,1019.6687,996.1373,1011.3515,-3.1329,-0.3098,18586625.0,73973362.273
000688.SH,2023-06-29,1001.4575,1004.5434,1012.057,1001.4575,1008.2186,-6.7611,-0.6706,17583075.0,70478461.065
000688.SH,2023-06-30,1005.1498,999.1819,1009.0966,997.5367,1001.4575,3.6923,0.3687,18964358.0,75156526.81
000688.SH,2023-07-03,1008.3988,1006.5773,1013.1852,999.1626,1005.1498,3.249,0.3232,20382267.0,85011402.543
000688.SH,2023-07-04,1015.3962,1008.4331,1022.455,1004.1199,1008.3988,6.9974,0.6939,19590085.0,78168877.334
000688.SH,2023-07-05,1005.7314,1013.3792,1016.8085,1004.5412,1015.3962,-9.6648,-0.9518,17758381.0,69501065.885
000688.SH,2023-07-06,1002.1114,1004.6671,1012.8474,1001.37,1005.7314,-3.62,-0.3599,15231644.0,64287377.294
000688.SH,2023-07-07,991.8494,1001.0157,1002.446,989.6632,1002.1114,-10.262,-1.024,15591017.0,60289675.764
000688.SH,2023-07-10,993.731,992.7442,1001.0328,990.2509,991.8494,1.8816,0.1897,14149016.0,54344824.343
000688.SH,2023-07-11,1001.414,996.5586,1003.221,994.2616,993.731,7.683,0.7731,15145939.0,61331463.358
000688.SH,2023-07-12,984.9811,999.2363,1000.0103,984.0349,1001.414,-16.4329,-1.641,16631197.0,67191093.861
000688.SH,2023-07-13,995.9726,988.6965,997.7016,988.5887,984.9811,10.9915,1.1159,15896275.0,64678820.343
000688.SH,2023-07-14,991.5585,999.7892,1002.8154,990.6153,995.9726,-4.4141,-0.4432,16804282.0,68045978.926
000688.SH,2023-07-17,984.8212,988.8807,988.8807,982.0462,991.5585,-6.7373,-0.6795,14046030.0,56196970.381
000688.SH,2023-07-18,980.0185,985.2441,987.7106,980.0185,984.8212,-4.8027,-0.4877,14128257.0,56962134.355
000688.SH,2023-07-19,975.1149,986.9975,988.5474,973.3371,980.0185,-4.9036,-0.5004,12939210.0,54719448.12
000688.SH,2023-07-20,961.1299,978.3844,978.6347,960.2906,975.1149,-13.985,-1.4342,14404593.0,52725932.419
000688.SH,2023-07-21,955.5486,958.8863,963.9687,953.9349,961.1299,-5.5813,-0.5807,12792754.0,48045112.871
000688.SH,2023-07-24,950.5518,953.9648,961.3984,949.6377,955.5486,-4.9968,-0.5229,11588354.0,44365973.032
000688.SH,2023-07-25,964.396,961.5218,965.6948,956.3666,950.5518,13.8442,1.4564,13204061.0,51279640.061
000688.SH,2023-07-26,961.5966,963.554,967.6652,959.3198,964.396,-2.7994,-0.2903,12189232.0,48745037.7
000688.SH,2023-07-27,952.2956,962.6089,964.6229,950.8089,961.5966,-9.301,-0.9672,12473734.0,47454831.182
000688.SH,2023-07-28,962.6446,950.5145,963.005,948.2011,952.2956,10.349,1.0867,13856046.0,52912714.8
000688.SH,2023-07-31,968.9941,961.6885,973.9006,961.6885,962.6446,6.3495,0.6596,15253905.0,59277043.2
000688.SH,2023-08-01,969.6827,969.405,971.5169,966.1281,968.9941,0.6886,0.0711,13167740.0,51472017.0
000688.SH,2023-08-02,968.4389,967.6864,973.3857,965.9867,969.6827,-1.2438,-0.1283,12403790.0,50384998.428
000688.SH,2023-08-03,970.3727,962.5496,972.1585,962.0459,968.4389,1.9338,0.1997,11962658.0,46198267.93
000688.SH,2023-08-04,975.7776,972.4839,976.9765,968.8195,970.3727,5.4049,0.557,13588524.0,51908722.126
000688.SH,2023-08-07,968.8975,973.2893,977.411,967.1574,975.7776,-6.8801,-0.7051,14225930.0,54452524.783
000688.SH,2023-08-08,965.5321,967.4326,971.7249,965.0414,968.8975,-3.3654,-0.3473,11723743.0,45735849.707
000688.SH,2023-08-09,957.3687,961.5034,966.7032,956.4007,965.5321,-8.1634,-0.8455,11707097.0,44714813.16
000688.SH,2023-08-10,959.1699,957.2175,961.8582,954.4172,957.3687,1.8012,0.1881,10619882.0,41773777.909
000688.SH,2023-08-11,938.7652,960.0953,960.6452,938.7652,959.1699,-20.4047,-2.1273,11783185.0,42513961.046
000688.SH,2023-08-14,930.4952,932.0922,934.2513,919.9442,938.7652,-8.27,-0.8809,12250489.0,43659133.614
000688.SH,2023-08-15,917.4499,933.0566,935.0059,911.5907,930.4952,-13.0453,-1.402,14348806.0,46272071.767
000688.SH,2023-08-16,901.7867,916.5863,920.353,901.6783,917.4499,-15.6632,-1.7073,12645853.0,44632967.299
000688.SH,2023-08-17,910.3778,899.7992,913.8459,896.4352,901.7867,8.5911,0.9527,13304289.0,46633893.31
000688.SH,2023-08-18,904.2485,924.2961,924.2961,904.2485,910.3778,-6.1293,-0.6733,16818811.0,54330557.386
000688.SH,2023-08-21,892.0926,900.2241,907.6046,891.7448,904.2485,-12.1559,-1.3443,13615262.0,44318666.456
000688.SH,2023-08-22,901.1284,896.7445,903.7842,877.624,892.0926,9.0358,1.0129,15881399.0,53800963.822
000688.SH,2023-08-23,879.459,899.9612,899.9612,879.459,901.1284,-21.6694,-2.4047,12681585.0,41786236.083
000688.SH,2023-08-24,885.4764,883.7991,895.9134,880.0304,879.459,6.0174,0.6842,14458614.0,47154854.216
000688.SH,2023-08-25,870.3988,880.1672,882.4416,865.0887,885.4764,-15.0776,-1.7028,15625560.0,49567131.959
000688.SH,2023-08-28,880.1914,925.9997,927.6328,878.2617,870.3988,9.7926,1.1251,20051901.0,66689864.622
000688.SH,2023-08-29,916.4552,878.7799,920.5417,878.7799,880.1914,36.2638,4.12,23830685.0,77816833.57
000688.SH,2023-08-30,939.6481,935.818,950.6977,928.4236,916.4552,23.1929,2.5307,27726785.0,91282953.027
000688.SH,2023-08-31,942.6126,936.1949,949.4645,932.3352,939.6481,2.9645,0.3155,23925719.0,80642216.164
000688.SH,2023-09-01,934.7868,944.2507,945.7243,927.2084,942.6126,-7.8258,-0.8302,17556889.0,61217259.033
000688.SH,2023-09-04,942.4276,935.8206,942.4528,927.58,934.7868,7.6408,0.8174,18012264.0,62949000.943
000688.SH,2023-09-05,930.6288,942.5562,947.9514,929.2516,942.4276,-11.7988,-1.252,17212030.0,63083342.767
000688.SH,2023-09-06,934.6043,926.25,936.8839,920.2453,930.6288,3.9755,0.4272,18227324.0,66686482.97
000688.SH,2023-09-07,899.8284,929.3581,929.3581,899.2969,934.6043,-34.7759,-3.7209,17950120.0,63522799.298
000688.SH,2023-09-08,901.5063,895.5038,906.3371,894.3994,899.8284,1.6779,0.1865,17510457.0,58216341.512
000688.SH,2023-09-11,907.505,901.5418,915.9892,895.6224,901.5063,5.9987,0.6654,20968300.0,69278651.695
000688.SH,2023-09-12,901.6221,905.9151,909.839,901.38,907.505,-5.8829,-0.6482,15686209.0,52651460.645
000688.SH,2023-09-13,889.1316,900.0035,902.5219,882.911,901.6221,-12.4905,-1.3853,15290497.0,50077710.476
000688.SH,2023-09-14,880.8019,888.2602,892.7922,877.8223,889.1316,-8.3297,-0.9368,13108085.0,43523773.358
000688.SH,2023-09-15,887.0132,883.0739,893.9109,876.6237,880.8019,6.2113,0.7052,15945029.0,53692598.058
000688.SH,2023-09-18,879.5336,881.3829,888.6801,876.9104,887.0132,-7.4796,-0.8432,14389660.0,48388335.384
000688.SH,2023-09-19,873.6178,879.3453,880.2619,870.6621,879.5336,-5.9158,-0.6726,12530683.0,41605737.979
000688.SH,2023-09-20,866.0227,870.032,876.9029,865.7926,873.6178,-7.5951,-0.8694,11526322.0,36777826.734
000688.SH,2023-09-21,860.3941,862.6379,869.8602,860.3113,866.0227,-5.6286,-0.6499,10756565.0,34167406.689
000688.SH,2023-09-22,882.8781,860.7277,883.2572,859.0872,860.3941,22.484,2.6132,15168082.0,51202088.302
000688.SH,2023-09-25,874.5545,880.3172,881.6997,874.205,882.8781,-8.3236,-0.9428,15043259.0,48847701.849
000688.SH,2023-09-26,876.051,876.2581,884.0215,873.9835,874.5545,1.4965,0.1711,14088806.0,48004383.433
000688.SH,2023-09-27,880.17,875.4349,886.6707,875.4349,876.051,4.119,0.4702,15841409.0,52175529.859
000688.SH,2023-09-28,887.7997,880.3943,890.0735,878.5871,880.17,7.6297,0.8668,14657804.0,50815144.562
000688.SH,2023-10-09,887.2116,884.2036,890.9539,880.3388,887.7997,-0.5881,-0.0662,14532703.0,48920931.817
000688.SH,2023-10-10,882.0437,888.1459,892.4769,881.8362,887.2116,-5.1679,-0.5825,14728131.0,48711873.863
000688.SH,2023-10-11,893.4484,885.6277,895.1551,883.656,882.0437,11.4047,1.293,17694937.0,60569823.848
000688.SH,2023-10-12,899.984,896.0022,901.4727,891.1662,893.4484,6.5356,0.7315,16006127.0,56574939.913
000688.SH,2023-10-13,891.7201,895.4675,897.151,888.5398,899.984,-8.2639,-0.9182,16365379.0,53521875.85
000688.SH,2023-10-16,874.0259,890.4828,890.942,870.6073,891.7201,-17.6942,-1.9843,16909757.0,55207431.181
000688.SH,2023-10-17,882.1911,874.282,884.9121,871.7941,874.0259,8.1652,0.9342,14405849.0,47364525.19
000688.SH,2023-10-18,869.7616,884.7064,884.9287,869.448,882.1911,-12.4295,-1.4089,14009232.0,49971189.342
000688.SH,2023-10-19,870.1011,864.4591,879.5542,864.0585,869.7616,0.3395,0.039,16604081.0,58463263.225
000688.SH,2023-10-20,861.8093,865.7751,872.7992,861.0837,870.1011,-8.2918,-0.953,15319707.0,54246922.284
000688.SH,2023-10-23,840.1434,857.4821,859.9884,836.6401,861.8093,-21.6659,-2.514,15304396.0,50846721.649
000688.SH,2023-10-24,850.6142,844.085,858.2946,839.0805,840.1434,10.4708,1.2463,15420049.0,52744225.878
000688.SH,2023-10-25,848.6462,859.765,862.2045,848.6462,850.6142,-1.968,-0.2314,15689852.0,52342580.449
000688.SH,2023-10-26,849.3091,841.9871,850.9947,837.468,848.6462,0.6629,0.0781,15464978.0,50289356.909
000688.SH,2023-10-27,861.8515,843.8765,866.5435,842.5992,849.3091,12.5424,1.4768,19976172.0,65500325.153
000688.SH,2023-10-30,878.1287,862.1168,881.8794,860.402,861.8515,16.2772,1.8886,24262162.0,83269625.851
000688.SH,2023-10-31,874.4056,882.4265,882.5592,869.0197,878.1287,-3.7231,-0.424,20324141.0,66543154.324
000688.SH,2023-11-01,869.9184,874.0396,878.3267,868.4489,874.4056,-4.4872,-0.5132,16086212.0,54896205.468
000688.SH,2023-11-02,859.9318,871.5508,875.2649,859.8892,869.9184,-9.9866,-1.148,14696377.0,49198119.706
000688.SH,2023-11-03,875.3725,861.5448,877.0862,861.5448,859.9318,15.4407,1.7956,17361652.0,59698607.963
000688.SH,2023-11-06,890.2065,880.603,891.5645,880.603,875.3725,14.834,1.6946,22588830.0,78633613.197
000688.SH,2023-11-07,891.456,887.2043,892.9885,883.7522,890.2065,1.2495,0.1404,19798147.0,69716348.463
000688.SH,2023-11-08,899.6255,890.8733,905.9381,889.8892,891.456,8.1695,0.9164,22146826.0,77396456.006
000688.SH,2023-11-09,893.7984,897.9307,904.5864,891.4902,899.6255,-5.8271,-0.6477,20711730.0,67535789.57
000688.SH,2023-11-10,889.7498,888.9868,894.6326,885.2974,893.7984,-4.0486,-0.453,16883019.0,59495469.69
000688.SH,2023-11-13,896.5513,893.5003,897.11,888.5499,889.7498,6.8015,0.7644,17875503.0,60665813.518
000688.SH,2023-11-14,904.3413,895.8138,904.7117,893.2805,896.5513,7.79,0.8689,21101284.0,71383848.694
000688.SH,2023-11-15,902.1802,912.6266,913.1959,900.6181,904.3413,-2.1611,-0.239,22918258.0,78400202.045
000688.SH,2023-11-16,887.1105,898.7438,900.1495,886.7666,902.1802,-15.0697,-1.6704,18718815.0,62487615.877
000688.SH,2023-11-17,891.3803,886.673,891.9482,884.5137,887.1105,4.2698,0.4813,18134883.0,60121508.231
000688.SH,2023-11-20,892.631,890.8977,896.0735,883.0271,891.3803,1.2507,0.1403,21501083.0,75556514.249
000688.SH,2023-11-21,884.8949,892.9197,896.9596,884.5996,892.631,-7.7361,-0.8667,19630210.0,66923767.634
000688.SH,2023-11-22,870.7602,881.9566,884.7083,870.7602,884.8949,-14.1347,-1.5973,16915590.0,55664319.782
000688.SH,2023-11-23,877.7703,869.8532,878.451,866.6299,870.7602,7.0101,0.8051,15187726.0,49653211.27
000688.SH,2023-11-24,864.7739,875.5802,876.2576,863.8495,877.7703,-12.9964,-1.4806,14603206.0,49262059.673
000688.SH,2023-11-27,868.0296,864.2671,869.8663,861.384,864.7739,3.2557,0.3765,16634920.0,56784293.267
000688.SH,2023-11-28,871.9061,868.8115,873.656,863.8138,868.0296,3.8765,0.4466,16621707.0,56020308.991
000688.SH,2023-11-29,862.0363,870.4,872.8965,862.0363,871.9061,-9.8698,-1.132,16363503.0,58283069.949
000688.SH,2023-11-30,865.6845,861.51,865.6845,857.6322,862.0363,3.6482,0.4232,16189968.0,54908404.367
000688.SH,2023-12-01,867.5364,863.3343,869.8201,856.4403,865.6845,1.8519,0.2139,15860366.0,55550963.476
000688.SH,2023-12-04,861.9198,867.834,873.5092,861.9198,867.5364,-5.6166,-0.6474,16454691.0,59449573.231
000688.SH,2023-12-05,845.7994,859.4851,859.4851,845.6048,861.9198,-16.1204,-1.8703,15218409.0,53166198.1
000688.SH,2023-12-06,848.7905,843.8152,852.3061,842.5904,845.7994,2.9911,0.3536,15882736.0,55914808.939
000688.SH,2023-12-07,847.4761,847.102,850.0813,839.0318,848.7905,-1.3144,-0.1549,17385923.0,64466064.943
000688.SH,2023-12-08,868.2335,849.1607,868.2335,847.9267,847.4761,20.7574,2.4493,24478442.0,94208682.251
000688.SH,2023-12-11,878.5159,859.9741,880.0279,854.805,868.2335,10.2824,1.1843,20641230.0,72770196.593
000688.SH,2023-12-12,869.9667,876.6896,877.8266,866.8407,878.5159,-8.5492,-0.9731,15631617.0,57226812.693
000688.SH,2023-12-13,861.2509,868.8664,875.1919,861.0318,869.9667,-8.7158,-1.0019,14566895.0,53321368.117
000688.SH,2023-12-14,855.8981,865.0919,869.2943,855.4293,861.2509,-5.3528,-0.6215,13153971.0,47653504.729
000688.SH,2023-12-15,847.507,857.0101,859.2501,846.823,855.8981,-8.3911,-0.9804,12939167.0,44681226.996
000688.SH,2023-12-18,840.6807,845.5383,847.5862,838.3173,847.507,-6.8263,-0.8055,12609513.0,42225498.75
000688.SH,2023-12-19,845.8585,839.6436,850.4069,838.2057,840.6807,5.1778,0.6159,12152471.0,40580504.388
000688.SH,2023-12-20,835.7127,847.2721,847.5884,835.3058,845.8585,-10.1458,-1.1995,12112031.0,40050633.338
000688.SH,2023-12-21,847.8169,832.3701,850.993,831.9265,835.7127,12.1042,1.4484,14325569.0,47125391.991
000688.SH,2023-12-22,843.3183,846.6663,851.479,839.7871,847.8169,-4.4986,-0.5306,14511892.0,47822787.226
000688.SH,2023-12-25,837.2221,840.3789,845.5627,834.4294,843.3183,-6.0962,-0.7229,11853019.0,40991522.647
000688.SH,2023-12-26,825.2578,836.5314,836.6613,822.4352,837.2221,-11.9643,-1.429,11693280.0,39113936.991
000688.SH,2023-12-27,830.0574,826.8309,833.8106,826.165,825.2578,4.7996,0.5816,12035678.0,41133739.403
000688.SH,2023-12-28,850.3851,828.4013,853.4909,828.3423,830.0574,20.3277,2.449,17920884.0,58015104.32
000688.SH,2023-12-29,852.0047,849.611,854.8785,848.3257,850.3851,1.6196,0.1905,17181516.0,58228339.811
000688.SH,2024-01-02,839.8012,850.9687,850.9687,839.8012,852.0047,-12.2035,-1.4323,15138040.0,51299035.195
000688.SH,2024-01-03,829.7721,838.3022,842.1976,827.1787,839.8012,-10.0291,-1.1942,14285605.0,50256538.423
000688.SH,2024-01-04,823.8475,831.2304,831.5542,817.7469,829.7721,-5.9246,-0.714,12465895.0,42807367.5
000688.SH,2024-01-05,807.7294,820.3966,825.9385,803.4009,823.8475,-16.1181,-1.9564,13831363.0,45426509.995
000688.SH,2024-01-08,784.4332,802.895,804.5987,783.7367,807.7294,-23.2962,-2.8842,13204224.0,41757658.981
000688.SH,2024-01-09,782.9263,786.4801,793.5978,777.5601,784.4332,-1.5069,-0.1921,13703054.0,44711059.436
000688.SH,2024-01-10,777.1526,779.08,790.3581,771.5837,782.9263,-5.7737,-0.7375,12740775.0,41242507.21
000688.SH,2024-01-11,789.864,775.3721,793.1363,775.1849,777.1526,12.7114,1.6356,13547240.0,44546851.9
000688.SH,2024-01-12,778.3583,788.0254,790.3773,778.1067,789.864,-11.5057,-1.4567,13106491.0,41960115.0
000688.SH,2024-01-15,773.4051,774.9573,784.1906,770.9793,778.3583,-4.9532,-0.6364,12190529.0,41242676.4
000688.SH,2024-01-16,777.4032,771.8404,777.53,765.4271,773.4051,3.9981,0.5169,13152859.0,41839701.6
000688.SH,2024-01-17,757.0449,775.8641,776.226,757.0449,777.4032,-20.3583,-2.6188,11754122.0,37491845.4
000688.SH,2024-01-18,768.2821,752.2862,769.1193,741.3381,757.0449,11.2372,1.4844,17344119.0,51152319.4
000688.SH,2024-01-19,765.4702,767.2392,773.1497,762.2642,768.2821,-2.8119,-0.366,12880392.0,40209639.9
000688.SH,2024-01-22,742.2271,763.6012,764.6242,735.4063,765.4702,-23.2431,-3.0364,17115759.0,49925569.2
000688.SH,2024-01-23,749.7431,738.3826,754.649,733.4793,742.2271,7.516,1.0126,16124075.0,46270919.2
000688.SH,2024-01-24,750.2748,753.0097,754.2197,728.3654,749.7431,0.5317,0.0709,16456236.0,46725962.7
000688.SH,2024-01-25,765.7908,749.1329,768.0234,742.932,750.2748,15.516,2.068,18867797.0,51522101.0
000688.SH,2024-01-26,746.0958,759.9374,762.1842,742.9311,765.7908,-19.695,-2.5719,15653146.0,44413803.9
000688.SH,2024-01-29,725.3074,748.2643,754.5865,725.3074,746.0958,-20.7884,-2.7863,18099305.0,47533302.5
000688.SH,2024-01-30,697.8454,720.1933,722.631,696.5635,725.3074,-27.462,-3.7863,15184450.0,41612056.661
000688.SH,2024-01-31,684.8518,693.8467,699.6704,681.3837,697.8454,-12.9936,-1.862,18790544.0,46792282.544
000688.SH,2024-02-01,690.0051,680.7177,704.6597,678.9651,684.8518,5.1533,0.7525,17736774.0,45872356.757
000688.SH,2024-02-02,673.4071,693.0199,694.7458,653.6205,690.0051,-16.598,-2.4055,20966472.0,50348535.505
000688.SH,2024-02-05,676.7932,675.3958,687.6212,635.7395,673.4071,3.3861,0.5028,27776959.0,58729670.609
000688.SH,2024-02-06,720.7998,675.4531,721.377,665.6321,676.7932,44.0066,6.5022,27528071.0,60143375.048
000688.SH,2024-02-07,743.4228,723.3117,744.3401,717.6979,720.7998,22.623,3.1386,30993446.0,72213965.559
000688.SH,2024-02-08,751.5036,749.639,767.8557,745.2397,743.4228,8.0808,1.087,31037561.0,72357927.083
000688.SH,2024-02-19,763.3156,762.6438,763.3583,748.287,751.5036,11.812,1.5718,27425987.0,68655866.804
000688.SH,2024-02-20,754.7015,756.0838,758.0583,748.6,763.3156,-8.6141,-1.1285,19703420.0,51408513.057
000688.SH,2024-02-21,755.1552,747.2499,769.1493,744.264,754.7015,0.4537,0.0601,22272663.0,57035201.896
000688.SH,2024-02-22,762.3821,757.2618,768.6579,755.9041,755.1552,7.2269,0.957,18435223.0,49712671.043
000688.SH,2024-02-23,764.4821,768.5093,769.8131,754.3471,762.3821,2.1,0.2755,21288172.0,57385787.606
000688.SH,2024-02-26,768.4884,764.0326,776.9841,761.2193,764.4821,4.0063,0.5241,26715672.0,69780227.231
000688.SH,2024-02-27,796.9073,763.6649,797.149,761.264,768.4884,28.4189,3.698,24214646.0,71354654.83
000688.SH,2024-02-28,771.5922,797.8251,811.6468,771.5922,796.9073,-25.3151,-3.1767,33634356.0,92170366.772
000688.SH,2024-02-29,807.707,769.5571,807.707,769.5571,771.5922,36.1148,4.6806,26053051.0,76229767.283
000688.SH,2024-03-01,815.4866,809.4005,818.1107,803.525,807.707,7.7796,0.9632,23983105.0,72454213.478
000688.SH,2024-03-04,818.5129,819.9574,822.6528,807.3873,815.4866,3.0263,0.3711,23131064.0,70764262.049
000688.SH,2024-03-05,817.7721,812.6212,824.1248,810.3196,818.5129,-0.7408,-0.0905,22349007.0,69594824.94
000688.SH,2024-03-06,811.8984,816.1445,822.7868,803.9915,817.7721,-5.8737,-0.7183,19973582.0,58780249.393
000688.SH,2024-03-07,794.2384,814.1679,817.7769,793.5926,811.8984,-17.66,-2.1751,21403310.0,60500813.735
000688.SH,2024-03-08,803.2,795.3215,805.5717,791.7342,794.2384,8.9616,1.1283,20310428.0,57902911.073
000688.SH,2024-03-11,818.4386,800.8992,818.7067,797.2616,803.2,15.2386,1.8972,22129381.0,65259225.212
000688.SH,2024-03-12,817.7503,818.5162,827.628,813.0451,818.4386,-0.6883,-0.0841,21946276.0,66674864.477
000688.SH,2024-03-13,814.9319,821.3228,824.8148,813.0911,817.7503,-2.8184,-0.3447,20803285.0,63767092.186
000688.SH,2024-03-14,804.8554,811.5135,815.547,797.7755,814.9319,-10.0765,-1.2365,21741015.0,64940754.849
000688.SH,2024-03-15,808.6736,802.9111,809.3953,794.7507,804.8554,3.8182,0.4744,19734463.0,57967231.415
000688.SH,2024-03-18,825.3998,810.3869,825.8985,809.8341,808.6736,16.7262,2.0683,23449626.0,73094396.709
000688.SH,2024-03-19,811.7743,822.1818,823.9016,811.7743,825.3998,-13.6255,-1.6508,21579360.0,68514022.866
000688.SH,2024-03-20,814.027,810.6893,815.7337,806.5752,811.7743,2.2527,0.2775,20788645.0,65322768.173
000688.SH,2024-03-21,806.1376,820.1431,824.1756,805.5456,814.027,-7.8894,-0.9692,22730548.0,74168732.024
000688.SH,2024-03-22,794.2011,804.0229,808.7094,793.1039,806.1376,-11.9365,-1.4807,22091222.0,69921210.339
000688.SH,2024-03-25,781.6464,792.8457,797.6576,781.6239,794.2011,-12.5547,-1.5808,20912655.0,66726761.099
000688.SH,2024-03-26,772.0888,781.7265,787.6022,768.6785,781.6464,-9.5576,-1.2228,18539103.0,57718127.64
000688.SH,2024-03-27,752.8206,771.5448,772.471,752.723,772.0888,-19.2682,-2.4956,17834301.0,51275159.827
000688.SH,2024-03-28,763.2749,753.8954,771.4793,753.2329,752.8206,10.4543,1.3887,18867049.0,56229248.134
000688.SH,2024-03-29,762.7416,761.6508,763.5643,751.244,763.2749,-0.5333,-0.0699,16835344.0,49138287.951
000688.SH,2024-04-01,775.5259,765.6326,776.7436,765.6326,762.7416,12.7843,1.6761,19159141.0,56986274.163
000688.SH,2024-04-02,768.7872,774.7265,774.7265,764.3214,775.5259,-6.7387,-0.8689,17626700.0,51531094.911
000688.SH,2024-04-03,756.7635,768.2135,769.2297,755.2103,768.7872,-12.0237,-1.564,17633758.0,51899249.041
000688.SH,2024-04-08,740.6653,753.8344,757.1336,740.6653,756.7635,-16.0982,-2.1272,17707814.0,48189704.352
000688.SH,2024-04-09,749.626,739.3922,749.86,736.8878,740.6653,8.9607,1.2098,15995308.0,43838312.749
000688.SH,2024-04-10,735.7336,749.2249,749.5817,732.466,749.626,-13.8924,-1.8532,16564199.0,45499390.525
000688.SH,2024-04-11,738.6744,735.6701,746.9106,735.6701,735.7336,2.9408,0.3997,16417057.0,48413927.394
000688.SH,2024-04-12,738.4294,742.9291,747.4962,738.3272,738.6744,-0.245,-0.0332,15876099.0,45358171.366
000688.SH,2024-04-15,750.8984,739.1981,755.1814,738.5364,738.4294,12.469,1.6886,21897791.0,56927703.919
000688.SH,2024-04-16,733.1469,746.8812,749.1177,732.8905,750.8984,-17.7515,-2.364,21751165.0,53091971.936
000688.SH,2024-04-17,750.8884,737.6574,751.1987,735.2116,733.1469,17.7415,2.4199,20343833.0,54149431.996
000688.SH,2024-04-18,745.6945,747.132,757.7477,741.1968,750.8884,-5.1939,-0.6917,19080342.0,53433997.84
000688.SH,2024-04-19,730.5623,741.2853,741.9228,729.5666,745.6945,-15.1322,-2.0293,16603589.0,46251643.635
000688.SH,2024-04-22,731.811,723.4082,735.9679,719.122,730.5623,1.2487,0.1709,15965519.0,44367612.859
000688.SH,2024-04-23,727.8533,732.8677,736.3613,724.9005,731.811,-3.9577,-0.5408,15411070.0,41379628.051
000688.SH,2024-04-24,738.6349,731.7109,739.0126,728.3789,727.8533,10.7816,1.4813,16525813.0,46672061.743
000688.SH,2024-04-25,733.344,735.5631,740.4731,730.6082,738.6349,-5.2909,-0.7163,16152999.0,46147084.918
000688.SH,2024-04-26,752.2497,733.0156,753.1478,733.0156,733.344,18.9057,2.578,21895507.0,66261566.352
000688.SH,2024-04-29,776.1538,752.9244,780.1969,752.6192,752.2497,23.9041,3.1777,25607571.0,75786389.646
000688.SH,2024-04-30,767.4642,773.8434,775.9247,765.5962,776.1538,-8.6896,-1.1196,21291970.0,60792508.969
000688.SH,2024-05-06,777.6628,778.9884,785.0726,774.0378,767.4642,10.1986,1.3289,21260962.0,63895184.417
000688.SH,2024-05-07,769.7918,776.8241,779.5932,768.3999,777.6628,-7.871,-1.0121,19046323.0,58001964.11
000688.SH,2024-05-08,761.6581,769.6877,769.696,760.5681,769.7918,-8.1337,-1.0566,17301005.0,51592347.291
000688.SH,2024-05-09,778.8728,762.4007,779.4813,762.4007,761.6581,17.2147,2.2602,19590355.0,59636595.894
000688.SH,2024-05-10,767.1724,778.1523,778.5605,764.439,778.8728,-11.7004,-1.5022,18440335.0,54642285.734
000688.SH,2024-05-13,763.6902,760.0977,769.2053,757.9635,767.1724,-3.4822,-0.4539,18791632.0,53977392.084
000688.SH,2024-05-14,760.3046,766.6452,769.4159,759.4327,763.6902,-3.3856,-0.4433,15472971.0,45269222.796
000688.SH,2024-05-15,749.4741,758.7998,760.0837,749.2219,760.3046,-10.8305,-1.4245,13491056.0,39431834.558
000688.SH,2024-05-16,746.4714,753.4523,755.1738,745.0172,749.4741,-3.0027,-0.4006,15060795.0,43341764.395
000688.SH,2024-05-17,754.4177,743.7945,754.5608,741.8559,746.4714,7.9463,1.0645,16810362.0,45479409.947
000688.SH,2024-05-20,753.5417,752.2018,761.1733,749.807,754.4177,-0.876,-0.1161,18255758.0,54188051.565
000688.SH,2024-05-21,748.2354,752.2879,755.4613,747.3057,753.5417,-5.3063,-0.7042,14797268.0,43757015.769
000688.SH,2024-05-22,754.9728,749.9091,756.6957,743.6822,748.2354,6.7374,0.9004,17875265.0,47104991.869
000688.SH,2024-05-23,742.3956,754.4028,755.4,741.4118,754.9728,-12.5772,-1.6659,17360466.0,47237906.836
000688.SH,2024-05-24,727.2069,741.6769,746.3954,726.8663,742.3956,-15.1887,-2.0459,17035306.0,48144600.377
000688.SH,2024-05-27,738.6533,726.3661,739.4492,719.5413,727.2069,11.4464,1.574,18033003.0,52737526.593
000688.SH,2024-05-28,734.8485,736.6999,746.295,734.5837,738.6533,-3.8048,-0.5151,16252414.0,46263616.462
000688.SH,2024-05-29,734.3334,734.2882,741.337,731.5313,734.8485,-0.5151,-0.0701,15606172.0,40100996.556
000688.SH,2024-05-30,742.7038,733.5473,746.2628,730.3387,734.3334,8.3704,1.1399,16472358.0,44808112.644
000688.SH,2024-05-31,743.2275,743.1773,751.3954,741.3514,742.7038,0.5237,0.0705,17256354.0,46039605.004
000688.SH,2024-06-03,750.427,743.6078,754.6477,742.2046,743.2275,7.1995,0.9687,24023261.0,60802196.433
000688.SH,2024-06-04,753.6377,748.3021,755.2522,746.5304,750.427,3.2107,0.4278,19203401.0,48176424.871
000688.SH,2024-06-05,752.0444,752.0488,762.2622,751.3513,753.6377,-1.5933,-0.2114,16498547.0,45466641.0
000688.SH,2024-06-06,743.229,756.7882,759.2429,741.6784,752.0444,-8.8154,-1.1722,22550234.0,55803507.95
000688.SH,2024-06-07,737.926,744.3852,749.4184,731.5192,743.229,-5.303,-0.7135,16720502.0,45120126.315
000688.SH,2024-06-11,755.8345,735.8374,756.5254,734.7608,737.926,17.9085,2.4269,19587723.0,55350331.963
000688.SH,2024-06-12,754.9332,758.3821,761.5984,753.6073,755.8345,-0.9013,-0.1192,18227638.0,53808242.843
000688.SH,2024-06-13,758.9816,758.6061,765.9496,755.6062,754.9332,4.0484,0.5363,25978950.0,69949751.48
000688.SH,2024-06-14,754.2607,756.4109,756.5347,750.4948,758.9816,-4.7209,-0.622,29506159.0,77877050.718
000688.SH,2024-06-17,757.106,749.9432,759.9313,748.6959,754.2607,2.8453,0.3772,22019578.0,62197998.859
000688.SH,2024-06-18,756.9042,757.8521,763.8241,753.5545,757.106,-0.2018,-0.0267,19653822.0,55349393.172
000688.SH,2024-06-19,751.6883,758.4099,759.1351,747.7447,756.9042,-5.2159,-0.6891,19207461.0,56055144.089
000688.SH,2024-06-20,755.151,752.1524,766.1242,749.816,751.6883,3.4627,0.4607,26905292.0,73310755.827
000688.SH,2024-06-21,758.3741,749.7329,758.6693,744.5016,755.151,3.2231,0.4268,20387596.0,55501975.189
000688.SH,2024-06-24,739.142,754.4125,762.1453,738.2127,758.3741,-19.2321,-2.536,23239029.0,60440038.909
000688.SH,2024-06-25,717.7493,738.3239,738.7959,713.4223,739.142,-21.3927,-2.8943,19469298.0,52283254.246
000688.SH,2024-06-26,729.6441,719.8394,732.1267,713.0044,717.7493,11.8948,1.6572,18530167.0,46979517.809
000688.SH,2024-06-27,715.3568,725.5201,727.389,715.1699,729.6441,-14.2873,-1.9581,16091572.0,42171532.08
000688.SH,2024-06-28,712.0772,713.3629,724.8969,710.5383,715.3568,-3.2796,-0.4585,17709520.0,47209566.802
000688.SH,2024-07-01,709.6032,711.6547,714.1296,699.4157,712.0772,-2.474,-0.3474,17128692.0,45399161.827
000688.SH,2024-07-02,699.123,709.1549,709.1718,697.5436,709.6032,-10.4802,-1.4769,14508489.0,39357461.169
000688.SH,2024-07-03,701.7847,698.958,707.3553,692.8089,699.123,2.6617,0.3807,15022225.0,40225649.261
000688.SH,2024-07-04,690.3758,702.0886,704.7821,689.9207,701.7847,-11.4089,-1.6257,14632986.0,36345299.723
000688.SH,2024-07-05,698.8491,688.5292,699.9743,683.3956,690.3758,8.4733,1.2273,14254730.0,38188387.582
000688.SH,2024-07-08,692.488,700.0243,703.6287,689.8534,698.8491,-6.3611,-0.9102,15136831.0,39204287.609
000688.SH,2024-07-09,709.8883,689.7864,712.1906,689.4211,692.488,17.4003,2.5127,18996610.0,49260748.008
000688.SH,2024-07-10,710.3693,707.1942,715.7116,706.793,709.8883,0.481,0.0678,15019366.0,41921460.199
000688.SH,2024-07-11,718.04,722.0426,725.0175,712.0028,710.3693,7.6707,1.0798,18439796.0,51276562.6
000688.SH,2024-07-12,718.3699,713.3117,721.4609,711.1612,718.04,0.3299,0.0459,15120890.0,42161527.331
000688.SH,2024-07-15,715.8636,716.475,720.423,712.7898,718.3699,-2.5063,-0.3489,14157874.0,41286233.179
000688.SH,2024-07-16,732.0638,712.7582,732.6853,711.7131,715.8636,16.2002,2.263,15541005.0,49339979.843
000688.SH,2024-07-17,729.0022,733.0729,735.7127,729.0022,732.0638,-3.0616,-0.4182,15197177.0,46109582.552
000688.SH,2024-07-18,735.4102,721.7649,738.7302,718.5237,729.0022,6.408,0.879,17760685.0,52062451.85
000688.SH,2024-07-19,749.4705,731.4085,751.2023,731.3997,735.4102,14.0603,1.9119,18928053.0,57974835.758
000688.SH,2024-07-22,752.0006,749.3161,756.6829,747.3824,749.4705,2.5301,0.3376,17021854.0,52125186.053
000688.SH,2024-07-23,721.1077,750.1285,750.1285,720.8808,752.0006,-30.8929,-4.1081,16260399.0,48354138.906
000688.SH,2024-07-24,713.3213,720.4696,726.3121,712.3293,721.1077,-7.7864,-1.0798,15521986.0,43188464.867
000688.SH,2024-07-25,713.8828,708.9356,722.6017,708.9355,713.3213,0.5615,0.0787,14031882.0,37330944.805
000688.SH,2024-07-26,719.8702,713.8931,723.4891,710.3301,713.8828,5.9874,0.8387,13475448.0,36114061.2
000688.SH,2024-07-29,707.5969,719.5542,721.2212,707.5969,719.8702,-12.2733,-1.7049,13292593.0,34795513.336
000688.SH,2024-07-30,710.0148,706.8565,712.1548,699.9039,707.5969,2.4179,0.3417,13069542.0,34773516.152
000688.SH,2024-07-31,743.3737,707.6596,744.0048,707.2044,710.0148,33.3589,4.6983,20586187.0,55888597.607
000688.SH,2024-08-01,738.8706,745.9636,748.7677,735.5762,743.3737,-4.5031,-0.6058,18294406.0,50371892.748
000688.SH,2024-08-02,725.6603,730.6522,742.2321,723.5557,738.8706,-13.2103,-1.7879,16586428.0,45476228.459
000688.SH,2024-08-05,704.2959,719.1563,730.2852,704.2633,725.6603,-21.3644,-2.9441,18802540.0,50043039.199
000688.SH,2024-08-06,713.8638,714.4886,717.189,705.0205,704.2959,9.5679,1.3585,14715068.0,38786492.78
000688.SH,2024-08-07,707.5875,712.7362,716.2555,706.8294,713.8638,-6.2763,-0.8792,12896915.0,33983700.928
000688.SH,2024-08-08,708.9226,703.055,716.6017,699.7005,707.5875,1.3351,0.1887,13891261.0,35912736.09
000688.SH,2024-08-09,705.5456,717.138,719.4299,705.5456,708.9226,-3.377,-0.4764,12895302.0,34508480.652
000688.SH,2024-08-12,707.3312,704.3744,709.2074,702.9488,705.5456,1.7856,0.2531,12002220.0,29970420.188
000688.SH,2024-08-13,710.7468,707.6951,710.8868,702.9133,707.3312,3.4156,0.4829,10647463.0,26518286.876
000688.SH,2024-08-14,700.9303,711.6634,711.9424,700.8495,710.7468,-9.8165,-1.3812,10526844.0,27637296.732
000688.SH,2024-08-15,707.5508,699.0944,714.4645,697.8577,700.9303,6.6205,0.9445,14007562.0,34338026.113
000688.SH,2024-08-16,705.2244,707.3868,710.992,703.5797,707.5508,-2.3264,-0.3288,13276616.0,32679505.573
000688.SH,2024-08-19,703.3217,705.0385,712.0097,702.9978,705.2244,-1.9027,-0.2698,12825326.0,32339698.29
000688.SH,2024-08-20,693.5231,704.1157,705.0079,691.6494,703.3217,-9.7986,-1.3932,12141047.0,30373935.239
000688.SH,2024-08-21,691.6357,691.1343,698.5201,689.3758,693.5231,-1.8874,-0.2721,10322703.0,28306709.997
000688.SH,2024-08-22,685.5307,692.1893,695.4842,683.8756,691.6357,-6.105,-0.8827,11841474.0,29952391.727
000688.SH,2024-08-23,685.7587,683.5869,688.3349,676.2346,685.5307,0.228,0.0333,11650937.0,30230586.873
000688.SH,2024-08-26,682.4987,684.7724,688.9155,679.6144,685.7587,-3.26,-0.4754,12151487.0,29261552.668
000688.SH,2024-08-27,674.3472,679.7532,679.7532,672.4572,682.4987,-8.1515,-1.1944,11612004.0,27088347.626
000688.SH,2024-08-28,671.2199,672.9666,675.1094,669.1309,674.3472,-3.1273,-0.4638,10915142.0,25778609.275
000688.SH,2024-08-29,679.5949,667.8818,683.3255,666.4097,671.2199,8.375,1.2477,13954803.0,32799382.768
000688.SH,2024-08-30,694.1638,678.6132,700.0265,677.5431,679.5949,14.5689,2.1438,19156711.0,48194270.275
000688.SH,2024-09-02,670.0108,693.6747,694.4229,670.0108,694.1638,-24.153,-3.4794,17205560.0,41063766.515
000688.SH,2024-09-03,674.9553,670.0647,681.4786,670.0647,670.0108,4.9445,0.738,13042151.0,32553917.365
000688.SH,2024-09-04,672.2839,668.9308,679.1725,666.8985,674.9553,-2.6714,-0.3958,11882664.0,28422961.719
000688.SH,2024-09-05,671.2645,672.9951,680.7917,668.4641,672.2839,-1.0194,-0.1516,11248050.0,29712222.92
000688.SH,2024-09-06,662.3369,672.6207,673.9703,662.3369,671.2645,-8.9276,-1.33,12014699.0,28831013.838
000688.SH,2024-09-09,654.9387,659.5018,665.6652,652.9339,662.3369,-7.3982,-1.117,10622661.0,25991363.701
000688.SH,2024-09-10,660.0144,656.0364,663.8265,648.6222,654.9387,5.0757,0.775,11153705.0,27006559.441
000688.SH,2024-09-11,664.332,657.3864,665.7696,656.819,660.0144,4.3176,0.6542,10920574.0,28070307.734
000688.SH,2024-09-12,658.8536,666.2176,671.8655,658.6734,664.332,-5.4784,-0.8246,11175622.0,27667529.627
000688.SH,2024-09-13,655.0456,658.9832,662.8871,650.6977,658.8536,-3.808,-0.578,12477661.0,32343733.897
000688.SH,2024-09-18,647.4088,654.5113,654.5113,641.9074,655.0456,-7.6368,-1.1658,11780642.0,27742335.029
000688.SH,2024-09-19,651.466,649.7257,658.362,642.7948,647.4088,4.0572,0.6267,13218370.0,30881083.66
000688.SH,2024-09-20,648.3597,651.8206,654.1591,642.5978,651.466,-3.1063,-0.4768,11546560.0,27211145.298
000688.SH,2024-09-23,643.042,649.0028,654.2437,643.042,648.3597,-5.3177,-0.8202,11194771.0,27395548.847
000688.SH,2024-09-24,667.0485,648.1299,667.2694,640.3519,643.042,24.0065,3.7333,19770627.0,47471811.366
000688.SH,2024-09-25,667.3379,673.1807,684.432,667.0743,667.0485,0.2894,0.0434,21546357.0,52332379.401
000688.SH,2024-09-26,693.1492,667.5479,693.4644,663.1647,667.3379,25.8113,3.8678,21200670.0,53809801.054
000688.SH,2024-09-27,740.0157,704.5219,742.9569,704.2871,693.1492,46.8665,6.7614,19926573.0,50178955.336
000688.SH,2024-09-30,872.3652,782.3068,872.3652,776.4476,740.0157,132.3495,17.8847,59912936.0,162619912.631
000688.SH,2024-10-08,1023.9671,1045.0471,1045.0471,972.3417,872.3652,151.6019,17.3783,81102521.0,253004231.361
000688.SH,2024-10-09,997.8521,993.7812,1084.6821,958.4622,1023.9671,-26.115,-2.5504,74028185.0,277167646.122
000688.SH,2024-10-10,954.1719,1014.3568,1016.5726,940.0934,997.8521,-43.6802,-4.3774,48801027.0,170515757.299
000688.SH,2024-10-11,898.8987,939.5709,946.5228,889.1119,954.1719,-55.2732,-5.7928,38192169.0,120852430.132
000688.SH,2024-10-14,925.9552,904.1439,931.8146,873.5175,898.8987,27.0565,3.01,36151683.0,118134952.287
000688.SH,2024-10-15,898.8269,920.9864,942.2544,898.8269,925.9552,-27.1283,-2.9298,33495189.0,111598830.662
000688.SH,2024-10-16,875.689,874.2746,896.3101,872.1602,898.8269,-23.1379,-2.5742,25707766.0,79628161.711
000688.SH,2024-10-17,879.0962,897.1997,901.1216,878.7444,875.689,3.4072,0.3891,28830410.0,92939835.922
000688.SH,2024-10-18,978.661,879.9517,1008.0669,876.6834,879.0962,99.5648,11.3258,49514598.0,173380119.162
000688.SH,2024-10-21,1000.3748,999.5352,1063.8488,977.8752,978.661,21.7138,2.2187,58186607.0,218349269.053
000688.SH,2024-10-22,985.8337,988.7013,1002.9578,969.8551,1000.3748,-14.5411,-1.4536,46255097.0,157574282.233
000688.SH,2024-10-23,979.1514,976.2489,1003.9576,971.6948,985.8337,-6.6823,-0.6778,43236685.0,141111569.674
000688.SH,2024-10-24,977.6005,968.9927,988.0396,968.4885,979.1514,-1.5509,-0.1584,31944262.0,108835412.146
000688.SH,2024-10-25,991.2156,981.4055,1016.0814,974.4841,977.6005,13.6151,1.3927,40210711.0,131637406.17
000688.SH,2024-10-28,986.5596,988.4337,991.1273,976.5153,991.2156,-4.656,-0.4697,36836545.0,115390611.1
000688.SH,2024-10-29,975.3716,988.4994,1006.8575,975.0276,986.5596,-11.188,-1.134,41061591.0,136569008.178
000688.SH,2024-10-30,958.8217,967.8407,976.4016,949.3326,975.3716,-16.5499,-1.6968,35542724.0,119155248.926
000688.SH,2024-10-31,969.4476,960.6823,978.1775,947.5833,958.8217,10.6259,1.1082,41639866.0,140093294.442
000688.SH,2024-11-01,939.7644,960.2104,967.8377,939.7644,969.4476,-29.6832,-3.0619,39771151.0,123726271.754
000688.SH,2024-11-04,954.6673,938.1907,955.9005,937.9693,939.7644,14.9029,1.5858,29295116.0,95391921.309
000688.SH,2024-11-05,996.1688,954.1406,997.8942,950.3924,954.6673,41.5015,4.3472,44245568.0,150901911.666
000688.SH,2024-11-06,998.0947,1002.0629,1017.1237,986.4328,996.1688,1.9259,0.1933,47729913.0,162903152.06
000688.SH,2024-11-07,1028.4392,986.5019,1038.0266,984.5579,998.0947,30.3445,3.0402,43727199.0,144682129.998
000688.SH,2024-11-08,1025.6365,1053.4518,1070.9527,1025.4264,1028.4392,-2.8027,-0.2725,56444883.0,194343124.227
000688.SH,2024-11-11,1073.8353,1033.547,1074.5151,1028.0986,1025.6365,48.1988,4.6994,64938764.0,221900127.933
000688.SH,2024-11-12,1050.5373,1070.6441,1080.5699,1040.9131,1073.8353,-23.298,-2.1696,59573924.0,204250787.058
000688.SH,2024-11-13,1061.366,1042.1952,1062.6462,1039.5828,1050.5373,10.8287,1.0308,44872097.0,156786810.516
000688.SH,2024-11-14,1027.316,1056.2096,1065.1964,1024.5504,1061.366,-34.05,-3.2081,39579052.0,141030816.999
000688.SH,2024-11-15,986.8755,1024.599,1030.2696,986.8598,1027.316,-40.4405,-3.9365,38743327.0,132762402.728
000688.SH,2024-11-18,968.7133,989.403,1001.9864,962.833,986.8755,-18.1622,-1.8404,35938901.0,116308119.733
000688.SH,2024-11-19,998.0149,973.9966,999.9637,960.0116,968.7133,29.3016,3.0248,32059518.0,105527919.765
000688.SH,2024-11-20,1002.5392,992.6728,1008.556,988.263,998.0149,4.5243,0.4533,35204756.0,114391877.484
000688.SH,2024-11-21,1011.463,1002.9749,1019.9987,999.5607,1002.5392,8.9238,0.8901,33040487.0,116565018.558
000688.SH,2024-11-22,969.3527,1011.6443,1018.5067,968.9612,1011.463,-42.1103,-4.1633,36093663.0,122679726.874
000688.SH,2024-11-25,957.9209,970.8167,974.291,941.2148,969.3527,-11.4318,-1.1793,28722240.0,98272857.588
000688.SH,2024-11-26,951.5932,955.579,967.9156,950.509,957.9209,-6.3277,-0.6606,24624105.0,77954852.1
000688.SH,2024-11-27,985.9746,947.9453,987.9824,940.8742,951.5932,34.3814,3.613,29623561.0,100891674.238
000688.SH,2024-11-28,983.6834,985.7874,1003.4227,981.3696,985.9746,-2.2912,-0.2324,28504955.0,99280471.161
000688.SH,2024-11-29,1007.3914,980.4273,1024.5346,978.3922,983.6834,23.708,2.4101,33890707.0,119104319.159
000688.SH,2024-12-02,1015.7865,1008.7094,1022.594,1002.0579,1007.3914,8.3951,0.8334,36643713.0,119816515.955
000688.SH,2024-12-03,1005.2649,1017.0668,1021.7034,997.1124,1015.7865,-10.5216,-1.0358,33287414.0,104632431.114
000688.SH,2024-12-04,999.3577,1020.0818,1023.0614,995.2017,1005.2649,-5.9072,-0.5876,34291372.0,110881745.26
000688.SH,2024-12-05,1001.8442,993.168,1006.5747,992.8936,999.3577,2.4865,0.2488,30789936.0,100216648.744
000688.SH,2024-12-06,1014.4463,1004.7699,1024.8436,994.6306,1001.8442,12.6021,1.2579,37273325.0,117330572.861
000688.SH,2024-12-09,1003.3821,1012.8753,1016.9431,995.4104,1014.4463,-11.0642,-1.0907,32129434.0,103544056.298
000688.SH,2024-12-10,1010.9107,1051.5275,1051.901,1008.4967,1003.3821,7.5286,0.7503,41846050.0,144074101.289
000688.SH,2024-12-11,1007.1881,1007.5473,1016.8283,1004.355,1010.9107,-3.7226,-0.3682,37497161.0,124868253.914
000688.SH,2024-12-12,1010.8952,1008.1361,1014.5567,999.0606,1007.1881,3.7071,0.3681,34806827.0,120419160.417
000688.SH,2024-12-13,989.7763,1003.9936,1009.3528,988.7314,1010.8952,-21.1189,-2.0891,43854121.0,150194968.954
000688.SH,2024-12-16,975.2684,990.5744,992.3581,971.0991,989.7763,-14.5079,-1.4658,31026433.0,110322609.986
000688.SH,2024-12-17,967.2764,974.0447,980.5675,965.494,975.2684,-7.992,-0.8195,27355681.0,88947874.109
000688.SH,2024-12-18,981.5127,970.4632,984.7599,965.5578,967.2764,14.2363,1.4718,26614720.0,96066843.023
000688.SH,2024-12-19,993.0019,969.3809,997.7987,967.8594,981.5127,11.4892,1.1706,28375989.0,106029615.426
000688.SH,2024-12-20,1011.2093,990.058,1024.7158,989.4144,993.0019,18.2074,1.8336,36584700.0,146011868.87
000688.SH,2024-12-23,998.6073,1011.193,1025.8107,996.8888,1011.2093,-12.602,-1.2462,35158440.0,133345085.448
000688.SH,2024-12-24,1014.017,1002.5044,1015.8679,991.3038,998.6073,15.4097,1.5431,27831235.0,104067054.723
000688.SH,2024-12-25,1017.3567,1018.5698,1024.9454,1009.7148,1014.017,3.3397,0.3294,27249738.0,105231036.494
000688.SH,2024-12-26,1027.0229,1014.0694,1030.6735,1010.9363,1017.3567,9.6662,0.9501,27815373.0,115065076.927
000688.SH,2024-12-27,1018.5794,1026.7068,1044.1527,1016.9785,1027.0229,-8.4435,-0.8221,29907884.0,122491044.126
000688.SH,2024-12-30,1020.6331,1014.7807,1031.456,1011.1046,1018.5794,2.0537,0.2016,25487299.0,100134360.873
000688.SH,2024-12-31,988.9346,1020.5215,1021.4143,988.9346,1020.6331,-31.6985,-3.1058,27751039.0,98733521.146
000688.SH,2025-01-02,955.3334,986.822,986.822,945.4523,988.9346,-33.6012,-3.3977,28157561.0,100406121.295
000688.SH,2025-01-03,941.8191,955.722,963.2264,941.2455,955.3334,-13.5143,-1.4146,26313549.0,85624448.232
000688.SH,2025-01-06,938.7068,943.7557,949.5905,931.002,941.8191,-3.1123,-0.3305,22772699.0,75930452.054
000688.SH,2025-01-07,965.5297,938.5985,966.0688,936.6456,938.7068,26.8229,2.8574,22947764.0,84471208.341
000688.SH,2025-01-08,965.1193,956.7109,976.6235,937.8204,965.5297,-0.4104,-0.0425,27063783.0,98099619.963
000688.SH,2025-01-09,961.4394,962.2346,972.4658,960.5368,965.1193,-3.6799,-0.3813,23092604.0,84170640.043
000688.SH,2025-01-10,950.5916,962.2215,980.7548,950.5916,961.4394,-10.8478,-1.1283,25467432.0,97362660.344
000688.SH,2025-01-13,952.1856,938.3821,955.0801,936.7818,950.5916,1.594,0.1677,21884740.0,81206622.613
000688.SH,2025-01-14,981.7793,958.4942,984.0285,946.6343,952.1856,29.5937,3.108,29347707.0,110211151.474
000688.SH,2025-01-15,977.6609,976.1301,988.8606,970.8237,981.7793,-4.1184,-0.4195,24770957.0,93899618.149
000688.SH,2025-01-16,956.3965,982.0856,991.8965,954.1498,977.6609,-21.2644,-2.175,26051970.0,107384598.283
000688.SH,2025-01-17,965.9031,949.8425,977.8068,947.8372,956.3965,9.5066,0.994,25653257.0,102101001.343
000688.SH,2025-01-20,968.2711,969.8405,978.2161,962.4009,965.9031,2.368,0.2452,24552899.0,92288369.909
000688.SH,2025-01-21,976.2959,973.9086,980.1458,964.862,968.2711,8.0248,0.8288,25990813.0,105756132.23
000688.SH,2025-01-22,975.34,972.212,980.4113,967.6697,976.2959,-0.9559,-0.0979,23809673.0,93984657.863
000688.SH,2025-01-23,966.1063,987.2647,994.7674,966.1063,975.34,-9.2337,-0.9467,28155580.0,108833578.855
000688.SH,2025-01-24,974.8342,966.0923,980.4274,966.0923,966.1063,8.7279,0.9034,26768503.0,99731914.065
000688.SH,2025-01-27,955.09,972.1886,975.9613,954.9047,974.8342,-19.7442,-2.0254,24754873.0,94211964.048
000688.SH,2025-02-05,982.8287,989.1185,989.5348,974.9857,955.09,27.7387,2.9043,31658763.0,130436591.616
000688.SH,2025-02-06,1011.2199,977.0184,1012.8763,975.3692,982.8287,28.3912,2.8887,37025135.0,146610699.925
000688.SH,2025-02-07,1018.7988,1011.0556,1035.1696,1003.2389,1011.2199,7.5789,0.7495,43382897.0,168504025.808
000688.SH,2025-02-10,1036.7653,1023.0204,1038.0225,1018.3727,1018.7988,17.9665,1.7635,40897494.0,155886575.545
000688.SH,2025-02-11,1024.4122,1034.9546,1038.5967,1018.3915,1036.7653,-12.3531,-1.1915,37958064.0,138741058.825
000688.SH,2025-02-12,1041.1366,1026.8715,1042.1335,1021.5653,1024.4122,16.7244,1.6326,37531796.0,143393487.605
000688.SH,2025-02-13,1017.0875,1040.4247,1041.982,1016.2266,1041.1366,-24.0491,-2.3099,37169319.0,144838365.546
000688.SH,2025-02-14,1022.4634,1012.6124,1024.9647,1008.2816,1017.0875,5.3759,0.5286,37162621.0,141312513.028
000688.SH,2025-02-17,1037.307,1030.8585,1039.7455,1026.8864,1022.4634,14.8436,1.4517,40674790.0,155213368.954
000688.SH,2025-02-18,1011.1683,1034.63,1036.5001,1006.9427,1037.307,-26.1387,-2.5199,38599958.0,142454460.289
000688.SH,2025-02-19,1034.5705,1010.6692,1035.0632,1010.3699,1011.1683,23.4022,2.3144,41785846.0,157103942.262
000688.SH,2025-02-20,1033.0853,1034.7866,1041.616,1025.9153,1034.5705,-1.4852,-0.1436,40160792.0,148449946.59
000688.SH,2025-02-21,1094.7739,1042.4012,1098.5975,1038.8487,1033.0853,61.6886,5.9713,51205572.0,214169428.688
000688.SH,2025-02-24,1100.0534,1093.0294,1110.0555,1084.5742,1094.7739,5.2795,0.4822,47334072.0,189388061.218
000688.SH,2025-02-25,1102.9012,1083.9401,1119.3044,1079.4882,1100.0534,2.8478,0.2589,44028999.0,181408469.859
000688.SH,2025-02-26,1126.8203,1108.5835,1129.6339,1093.2705,1102.9012,23.9191,2.1687,48188607.0,193424997.599
000688.SH,2025-02-27,1126.287,1127.2467,1140.3686,1101.5243,1126.8203,-0.5333,-0.0473,48414146.0,193077570.241
000688.SH,2025-02-28,1078.7976,1118.5211,1123.5641,1076.0107,1126.287,-47.4894,-4.2165,48627539.0,189935328.427
000688.SH,2025-03-03,1062.3506,1079.6434,1087.716,1055.7722,1078.7976,-16.447,-1.5246,40444205.0,154112107.62
000688.SH,2025-03-04,1080.6648,1052.4679,1088.5338,1050.2466,1062.3506,18.3142,1.7239,36576289.0,144478163.758
000688.SH,2025-03-05,1083.8168,1081.0973,1090.4701,1072.0567,1080.6648,3.152,0.2917,35061162.0,133456012.722
000688.SH,2025-03-06,1121.5845,1100.4421,1125.6379,1099.7182,1083.8168,37.7677,3.4847,44917469.0,179760327.391
000688.SH,2025-03-07,1107.6227,1113.838,1120.9826,1102.6103,1121.5845,-13.9618,-1.2448,38649049.0,146625779.822
000688.SH,2025-03-10,1105.1639,1107.3097,1111.7369,1088.3435,1107.6227,-2.4588,-0.222,35068148.0,133821220.747
000688.SH,2025-03-11,1100.7418,1086.3832,1102.9116,1085.4614,1105.1639,-4.4221,-0.4001,32494332.0,123402789.375
000688.SH,2025-03-12,1092.7079,1107.9566,1112.1632,1092.6739,1100.7418,-8.0339,-0.7299,32797155.0,129620327.872
000688.SH,2025-03-13,1069.7032,1093.5935,1094.8878,1064.2457,1092.7079,-23.0047,-2.1053,35028705.0,128494126.146
000688.SH,2025-03-14,1088.1125,1070.7961,1089.2566,1069.0101,1069.7032,18.4093,1.721,33196342.0,127738215.778
000688.SH,2025-03-17,1083.2131,1089.9981,1090.1131,1077.4939,1088.1125,-4.8994,-0.4503,29805928.0,111824652.316
000688.SH,2025-03-18,1089.8254,1087.3445,1103.485,1087.3445,1083.2131,6.6123,0.6104,30549093.0,114013735.224
000688.SH,2025-03-19,1076.9372,1084.9016,1089.6323,1075.0985,1089.8254,-12.8882,-1.1826,28807118.0,107718690.755
000688.SH,2025-03-20,1064.7929,1075.1322,1076.3695,1064.2517,1076.9372,-12.1443,-1.1277,27574771.0,101227661.795
000688.SH,2025-03-21,1042.8926,1063.3306,1065.4086,1036.3686,1064.7929,-21.9003,-2.0568,30248391.0,112660330.422
000688.SH,2025-03-24,1045.9416,1042.3304,1048.1699,1029.9087,1042.8926,3.049,0.2924,29076650.0,101678429.897
000688.SH,2025-03-25,1031.697,1045.8489,1049.3108,1028.5383,1045.9416,-14.2446,-1.3619,23573432.0,86424447.035
000688.SH,2025-03-26,1029.0548,1029.8073,1040.222,1028.8019,1031.697,-2.6422,-0.2561,21589683.0,77658207.312
000688.SH,2025-03-27,1040.5698,1028.6949,1053.2157,1026.2008,1029.0548,11.515,1.119,25274784.0,96674691.698
000688.SH,2025-03-28,1029.4762,1037.7563,1044.9186,1029.4557,1040.5698,-11.0936,-1.0661,22759534.0,82325661.486
000688.SH,2025-03-31,1022.7139,1024.2635,1031.3367,1011.9737,1029.4762,-6.7623,-0.6569,25955300.0,92602904.548
000688.SH,2025-04-01,1024.3754,1027.9611,1037.3162,1022.7755,1022.7139,1.6615,0.1625,26323610.0,95496145.57
000688.SH,2025-04-02,1022.7482,1021.8205,1030.9129,1020.3755,1024.3754,-1.6272,-0.1588,20967165.0,73435115.825
000688.SH,2025-04-03,1018.0723,1011.6048,1030.5471,1011.6048,1022.7482,-4.6759,-0.4572,24054483.0,91093144.951
000688.SH,2025-04-07,924.1733,960.4893,982.7674,877.7139,1018.0723,-93.899,-9.2232,47850342.0,154459674.759
000688.SH,2025-04-08,940.0905,932.2374,950.7432,923.6694,924.1733,15.9172,1.7223,38027479.0,118792628.907
000688.SH,2025-04-09,980.5688,922.8617,992.3414,917.3525,940.0905,40.4783,4.3058,39823657.0,133563646.923
000688.SH,2025-04-10,991.2244,1003.6828,1006.1465,985.7149,980.5688,10.6556,1.0867,33821924.0,115770673.178
000688.SH,2025-04-11,1011.7084,990.8307,1027.5385,987.8302,991.2244,20.484,2.0665,34062591.0,127576912.277
000688.SH,2025-04-14,1014.2834,1018.2578,1025.4434,1006.1703,1011.7084,2.575,0.2545,28563474.0,104061752.587
000688.SH,2025-04-15,1006.3395,1011.6712,1012.0185,995.8171,1014.2834,-7.9439,-0.7832,21962998.0,78894025.984
000688.SH,2025-04-16,1014.5088,1016.755,1017.1409,996.4013,1006.3395,8.1693,0.8118,23238561.0,84979611.397
000688.SH,2025-04-17,1016.8117,1007.6296,1024.0434,1006.7718,1014.5088,2.3029,0.227,21483528.0,81028253.147
000688.SH,2025-04-18,1008.597,1011.5106,1012.9336,1003.4251,1016.8117,-8.2147,-0.8079,3000959.71,16711032.776
000688.SH,2025-04-21,1019.4109,1012.8126,1021.3764,1008.5613,1008.597,10.8139,1.0722,3394109.0,22950800.844
000688.SH,2025-04-22,1016.2181,1018.4196,1023.4965,1012.595,1019.4109,-3.1928,-0.3132,4275467.0,23588916.84
000688.SH,2025-04-23,1012.6475,1019.0157,1022.656,1010.0865,1016.2181,-3.5706,-0.3514,4055068.0,23097083.641
000688.SH,2025-04-24,1003.3159,1012.3345,1012.3952,1000.4646,1012.6475,-9.3316,-0.9215,3606206.0,20050769.533
000688.SH,2025-04-25,1004.5718,1003.8714,1011.5889,997.9781,1003.3159,1.2559,0.1252,3886927.0,20273706.756
000688.SH,2025-04-28,1002.8319,1004.0481,1008.5892,997.9048,1004.5718,-1.7399,-0.1732,3572348.0,18698563.913
000688.SH,2025-04-29,1003.8667,996.9668,1005.7063,994.2178,1002.8319,1.0348,0.1032,4004222.0,18713607.629
000688.SH,2025-04-30,1012.4165,1000.6509,1014.3741,1000.6509,1003.8667,8.5498,0.8517,5521387.0,26295606.26
000688.SH,2025-05-06,1026.5205,1016.4373,1027.022,1013.5801,1012.4165,14.104,1.3931,5396841.0,27521096.69
000688.SH,2025-05-07,1030.1857,1044.1727,1044.573,1021.7913,1026.5205,3.6652,0.3571,5556163.0,27590484.959
000688.SH,2025-05-08,1026.4389,1024.9656,1030.0854,1022.4932,1030.1857,-3.7468,-0.3637,4399338.0,21702341.6
000688.SH,2025-05-09,1006.3189,1020.7872,1020.7872,1006.3189,1026.4389,-20.12,-1.9602,4559588.0,23619030.336
