ts_code,trade_date,open,high,low,close,pre_close,change,pct_chg,vol,amount,volume_ratio,turnover_rate,turnover_rate_f
688322.SH,2024-05-10,27.7,27.8,26.58,26.7,27.66,-0.96,-3.4707,32090.11,86268.916,0.75,1.2561,1.8938
688322.SH,2024-05-13,26.56,26.56,25.5,25.71,26.7,-0.99,-3.7079,41167.45,106853.504,1.02,1.6115,2.4295
688322.SH,2024-05-14,26.16,27.51,26.0,26.73,25.71,1.02,3.9673,47182.76,126510.033,1.18,1.8469,2.7845
688322.SH,2024-05-15,26.51,27.21,26.36,26.6,26.73,-0.13,-0.4863,40172.75,107770.025,1.0,1.5725,2.3708
688322.SH,2024-05-16,26.99,27.35,26.4,26.4,26.6,-0.2,-0.7519,31261.67,83615.305,0.8,1.2237,1.8449
688322.SH,2024-05-17,26.74,27.1,26.21,27.1,26.4,0.7,2.6515,33931.05,90684.443,0.88,1.3282,2.0024
688322.SH,2024-05-20,26.81,27.39,26.59,26.87,27.1,-0.23,-0.8487,38486.13,103664.797,0.99,1.5065,2.2713
688322.SH,2024-05-21,26.58,26.95,26.3,26.54,26.87,-0.33,-1.2281,25114.8,66706.157,0.66,0.9831,1.4821
688322.SH,2024-05-22,26.5,27.11,26.4,27.04,26.54,0.5,1.8839,29515.41,79101.465,0.87,1.1554,1.7419
688322.SH,2024-05-23,26.76,27.0,26.02,26.13,27.04,-0.91,-3.3654,34841.96,91948.011,1.1,1.3639,2.0562
688322.SH,2024-05-24,26.12,26.31,25.06,25.24,26.13,-0.89,-3.406,34029.68,86930.466,1.05,1.3321,2.0083
688322.SH,2024-05-27,25.32,25.72,24.57,25.65,25.24,0.41,1.6244,27266.13,68274.656,0.84,1.0673,1.6091
688322.SH,2024-05-28,25.5,26.2,25.25,25.52,25.65,-0.13,-0.5068,22798.53,58689.053,0.76,0.8924,1.3455
688322.SH,2024-05-29,25.53,25.9,25.18,25.3,25.52,-0.22,-0.8621,17265.16,44042.162,0.58,0.6758,1.0189
688322.SH,2024-05-30,25.04,27.14,24.72,26.46,25.3,1.16,4.585,49134.22,128546.499,1.8,1.9233,2.8997
688322.SH,2024-05-31,26.52,27.59,26.3,27.17,26.46,0.71,2.6833,49272.52,133589.083,1.64,1.9287,2.9078
688322.SH,2024-06-03,27.19,28.1,26.71,28.0,27.17,0.83,3.0548,63520.95,174815.406,1.92,2.4865,3.7487
688322.SH,2024-06-04,27.7,27.82,26.86,27.21,28.0,-0.79,-2.8214,36278.83,98563.958,0.9,1.4201,2.141
688322.SH,2024-06-05,27.01,29.93,27.01,28.53,27.21,1.32,4.8512,94449.32,271637.368,2.19,3.6972,5.5739
688322.SH,2024-06-06,28.61,28.73,26.76,26.84,28.53,-1.69,-5.9236,66755.11,184114.388,1.14,2.6131,3.9396
688322.SH,2024-06-07,27.38,27.74,26.23,26.6,26.84,-0.24,-0.8942,35451.43,95081.483,0.57,1.3877,2.0922
688322.SH,2024-06-11,26.2,27.15,25.53,27.11,26.6,0.51,1.9173,33826.29,89533.734,0.57,1.3241,1.9963
688322.SH,2024-06-12,27.25,28.28,27.25,27.5,27.11,0.39,1.4386,37928.23,105567.606,0.71,1.4847,2.2383
688322.SH,2024-06-13,27.86,28.38,27.05,27.91,27.5,0.41,1.4909,45449.91,126370.855,0.85,1.7791,2.6822
688322.SH,2024-06-14,27.91,28.16,27.41,27.75,27.91,-0.16,-0.5733,34974.41,97050.313,0.8,1.3691,2.064
688322.SH,2024-06-17,27.24,28.54,27.24,28.08,27.75,0.33,1.1892,37787.31,106428.652,1.01,1.4792,2.23
688322.SH,2024-06-18,28.01,28.6,27.86,28.5,28.08,0.42,1.4957,33033.04,93608.798,0.87,1.2931,1.9494
688322.SH,2024-06-19,28.44,28.8,27.69,27.69,28.5,-0.81,-2.8421,31489.31,88352.391,0.83,1.2326,1.8583
688322.SH,2024-06-20,27.7,28.68,27.52,27.61,27.69,-0.08,-0.2889,42015.52,118118.179,1.15,1.6447,2.4795
688322.SH,2024-06-21,27.8,27.81,26.88,27.33,27.61,-0.28,-1.0141,26645.63,72712.591,0.74,1.043,1.5725
688322.SH,2024-06-24,27.29,27.71,25.87,25.95,27.33,-1.38,-5.0494,35246.69,94239.556,1.03,1.3797,2.0801
688322.SH,2024-06-25,26.14,26.14,25.06,25.35,25.95,-0.6,-2.3121,25351.61,64917.608,0.75,0.9924,1.4961
688322.SH,2024-06-26,25.21,26.78,24.86,26.6,25.35,1.25,4.931,29699.63,76868.064,0.92,1.1626,1.7527
688322.SH,2024-06-27,26.42,26.6,25.82,25.91,26.6,-0.69,-2.594,23718.64,62080.02,0.75,0.9285,1.3998
688322.SH,2024-06-28,26.24,27.48,26.05,26.71,25.91,0.8,3.0876,41619.26,112161.149,1.48,1.6292,2.4562
688322.SH,2024-07-01,26.45,26.64,25.3,26.03,26.71,-0.68,-2.5459,32446.01,83829.972,1.04,1.2701,1.9148
688322.SH,2024-07-02,25.92,26.4,25.59,25.93,26.03,-0.1,-0.3842,21302.59,55218.532,0.7,0.8339,1.2572
688322.SH,2024-07-03,26.16,26.36,25.6,25.96,25.93,0.03,0.1157,20008.93,51972.126,0.67,0.7832,1.1808
688322.SH,2024-07-04,26.7,26.96,25.54,25.62,25.96,-0.34,-1.3097,28971.44,76172.974,1.04,1.1341,1.7097
688322.SH,2024-07-05,25.62,25.78,24.91,25.56,25.62,-0.06,-0.2342,23669.58,59855.098,0.82,0.9265,1.3969
688322.SH,2024-07-08,25.71,25.71,24.48,24.63,25.56,-0.93,-3.6385,29670.8,73646.967,1.17,1.1542,1.7346
688322.SH,2024-07-09,24.61,25.66,24.33,25.51,24.63,0.88,3.5729,30311.81,76053.915,1.23,1.1792,1.7721
688322.SH,2024-07-10,25.46,26.13,25.31,25.73,25.51,0.22,0.8624,26560.55,68563.152,1.0,1.0332,1.5528
688322.SH,2024-07-11,26.21,26.6,25.77,26.2,25.73,0.47,1.8267,31480.97,82316.859,1.13,1.2246,1.8405
688322.SH,2024-07-12,26.05,26.05,25.77,25.88,26.2,-0.32,-1.2214,20589.37,53271.692,0.73,0.8009,1.2037
688322.SH,2024-07-15,25.78,25.98,25.2,25.32,25.88,-0.56,-2.1638,18377.45,46902.417,0.66,0.7149,1.0744
688322.SH,2024-07-16,25.32,26.02,25.13,25.81,25.32,0.49,1.9352,21000.84,53757.397,0.82,0.8169,1.2278
688322.SH,2024-07-17,25.75,25.87,25.3,25.34,25.81,-0.47,-1.821,19870.84,50667.136,0.84,0.773,1.1617
688322.SH,2024-07-18,25.06,25.17,24.51,24.86,25.34,-0.48,-1.8942,23573.96,58467.801,1.06,0.917,1.3782
688322.SH,2024-07-19,24.86,25.45,24.74,25.1,24.86,0.24,0.9654,26118.19,65653.672,1.26,1.016,1.5269
688322.SH,2024-07-22,25.0,25.65,24.99,25.44,25.1,0.34,1.3546,21134.2,53665.256,0.97,0.8221,1.2356
688322.SH,2024-07-23,25.56,25.8,24.3,24.3,25.44,-1.14,-4.4811,27661.13,69076.834,1.24,1.076,1.6172
688322.SH,2024-07-24,24.24,24.52,23.78,23.78,24.3,-0.52,-2.1399,19102.59,46094.105,0.81,0.7431,1.1168
688322.SH,2024-07-25,23.54,24.2,23.33,23.79,23.78,0.01,0.0421,17387.52,41245.14,0.74,0.6764,1.0165
688322.SH,2024-07-26,23.91,24.43,23.78,24.17,23.79,0.38,1.5973,13137.75,31735.528,0.59,0.5111,0.7681
688322.SH,2024-07-29,24.38,24.54,23.87,23.9,24.17,-0.27,-1.1171,14101.99,34094.593,0.72,0.5486,0.8244
688322.SH,2024-07-30,24.0,24.79,23.63,24.47,23.9,0.57,2.3849,24433.15,59351.443,1.34,0.9505,1.4284
688322.SH,2024-07-31,24.43,27.2,24.26,27.0,24.47,2.53,10.3392,63830.24,167137.723,3.62,2.483,3.7317
688322.SH,2024-08-01,27.1,27.88,26.68,26.89,27.0,-0.11,-0.4074,44570.55,121060.541,1.68,1.7338,2.6057
688322.SH,2024-08-02,26.68,26.79,25.39,25.48,26.89,-1.41,-5.2436,45487.0,118117.249,1.42,1.7695,2.6593
688322.SH,2024-08-05,25.11,25.45,23.91,23.91,25.48,-1.57,-6.1617,51468.09,126695.642,1.34,2.0021,3.009
688322.SH,2024-08-06,24.58,24.8,24.13,24.77,23.91,0.86,3.5968,28719.56,70218.142,0.62,1.1172,1.679
688322.SH,2024-08-07,24.79,25.49,24.77,24.88,24.77,0.11,0.4441,29610.6,74287.983,0.63,1.1519,1.7311
688322.SH,2024-08-08,24.71,24.9,24.03,24.42,24.88,-0.46,-1.8489,23992.67,58654.221,0.6,0.9333,1.4027
688322.SH,2024-08-09,24.53,24.88,24.09,24.1,24.42,-0.32,-1.3104,15531.58,37976.758,0.43,0.6042,0.908
688322.SH,2024-08-12,24.1,24.31,23.08,23.9,24.1,-0.2,-0.8299,21917.63,52232.814,0.73,0.8526,1.2814
688322.SH,2024-08-13,24.0,24.45,23.81,24.23,23.9,0.33,1.3808,14768.17,35590.256,0.62,0.5745,0.8634
688322.SH,2024-08-14,24.38,24.75,24.14,24.38,24.23,0.15,0.6191,17002.52,41559.839,0.8,0.6614,0.994
688322.SH,2024-08-15,24.11,25.75,24.11,25.04,24.38,0.66,2.7071,41527.33,104464.923,2.23,1.6154,2.4278
688322.SH,2024-08-16,25.21,25.73,24.99,25.34,25.04,0.3,1.1981,25383.04,64483.747,1.15,0.9874,1.484
688322.SH,2024-08-19,25.2,25.53,24.87,24.96,25.34,-0.38,-1.4996,18675.77,46915.986,0.77,0.7265,1.0918
688322.SH,2024-08-20,25.01,25.74,24.74,24.98,24.96,0.02,0.0801,26564.01,66695.17,1.13,1.0334,1.553
688322.SH,2024-08-21,25.0,25.57,24.53,24.97,24.98,-0.01,-0.04,30891.06,77346.619,1.2,1.2017,1.806
688322.SH,2024-08-22,24.74,25.28,24.33,24.48,24.97,-0.49,-1.9624,31531.3,77879.173,1.1,1.2266,1.8434
688322.SH,2024-08-23,24.3,24.99,24.23,24.79,24.48,0.31,1.2663,25314.59,62514.159,0.95,0.9848,1.48
688322.SH,2024-08-26,24.65,24.93,23.7,24.55,24.79,-0.24,-0.9681,31703.03,77586.693,1.19,1.2333,1.8535
688322.SH,2024-08-27,24.34,24.7,23.98,24.03,24.55,-0.52,-2.1181,27167.61,65768.786,0.93,1.0568,1.5883
688322.SH,2024-08-28,24.03,24.61,23.74,24.24,24.03,0.21,0.8739,23273.45,56295.012,0.79,0.9054,1.3606
688322.SH,2024-08-29,24.01,25.24,24.01,24.88,24.24,0.64,2.6403,34642.49,85986.892,1.25,1.3476,2.0253
688322.SH,2024-08-30,24.76,25.58,24.76,25.17,24.88,0.29,1.1656,41142.4,104337.878,1.45,1.6005,2.4053
688322.SH,2024-09-02,25.26,25.3,23.84,24.0,25.17,-1.17,-4.6484,47549.81,115957.017,1.51,1.8497,2.7799
688322.SH,2024-09-03,24.2,24.96,23.5,24.38,24.0,0.38,1.5833,41822.48,101697.299,1.2,1.6269,2.4451
688322.SH,2024-09-04,24.0,24.49,23.67,24.26,24.38,-0.12,-0.4922,29499.16,71085.707,0.78,1.1475,1.7246
688322.SH,2024-09-05,24.23,24.8,24.18,24.47,24.26,0.21,0.8656,22659.39,55347.275,0.58,0.8815,1.3247
688322.SH,2024-09-06,24.39,24.48,23.21,23.31,24.47,-1.16,-4.7405,35567.57,84258.35,0.97,1.3836,2.0794
688322.SH,2024-09-09,23.25,23.58,22.82,22.93,23.31,-0.38,-1.6302,23858.64,55111.313,0.67,0.9281,1.3948
688322.SH,2024-09-10,23.0,23.68,22.56,23.41,22.93,0.48,2.0933,24462.34,56271.469,0.8,0.9516,1.4301
688322.SH,2024-09-11,23.47,23.66,23.06,23.57,23.41,0.16,0.6835,23075.96,53809.361,0.85,0.8977,1.3491
688322.SH,2024-09-12,23.52,23.88,23.01,23.01,23.57,-0.56,-2.3759,18541.75,43422.002,0.72,0.7213,1.084
688322.SH,2024-09-13,23.0,23.14,21.96,21.97,23.01,-1.04,-4.5198,29593.3,66263.825,1.18,1.1512,1.7301
688322.SH,2024-09-18,22.14,22.49,21.87,22.14,21.97,0.17,0.7738,19491.99,43043.904,0.82,0.7583,1.1396
688322.SH,2024-09-19,22.31,22.79,21.85,22.17,22.14,0.03,0.1355,21368.76,47581.912,0.93,0.8313,1.2493
688322.SH,2024-09-20,22.41,22.42,21.71,21.95,22.17,-0.22,-0.9923,15736.61,34682.586,0.7,0.6122,0.92
688322.SH,2024-09-23,21.85,22.3,21.38,21.53,21.95,-0.42,-1.9134,23103.33,50222.983,1.1,0.8987,1.3507
688322.SH,2024-09-24,21.74,22.38,21.16,22.28,21.53,0.75,3.4835,47824.92,104694.406,2.19,1.8604,2.796
688322.SH,2024-09-25,22.57,22.96,22.27,22.28,22.28,0.0,0.0,44345.75,100370.6,1.74,1.7251,2.5926
688322.SH,2024-09-26,22.16,23.64,22.15,23.58,22.28,1.3,5.8348,45095.17,103247.85,1.48,1.7542,2.6364
688322.SH,2024-09-27,24.2,25.28,24.1,25.18,23.58,1.6,6.7854,34382.68,84738.857,0.98,1.3375,2.0101
688322.SH,2024-09-30,26.7,29.28,26.28,29.25,25.18,4.07,16.1636,108774.66,301725.823,2.79,4.2314,6.3593
688322.SH,2024-10-08,34.55,34.9,31.0,33.85,29.25,4.6,15.7265,142141.28,472148.341,2.53,5.5294,8.31
688322.SH,2024-10-09,32.27,33.35,30.13,30.13,33.85,-3.72,-10.9897,114209.58,365893.968,1.52,4.4428,6.677
688322.SH,2024-10-10,31.0,31.87,29.72,29.82,30.13,-0.31,-1.0289,80464.0,246991.089,0.9,3.1301,4.7042
688322.SH,2024-10-11,29.32,29.75,26.85,27.2,29.82,-2.62,-8.786,80045.39,223507.724,0.83,3.1138,4.6797
688322.SH,2024-10-14,27.11,28.1,26.03,28.05,27.2,0.85,3.125,66129.91,179602.268,0.63,2.5725,3.8661
688322.SH,2024-10-15,28.61,29.51,28.02,28.06,28.05,0.01,0.0357,75597.86,217499.706,0.78,2.9408,4.4197
688322.SH,2024-10-16,27.44,28.28,27.1,27.37,28.06,-0.69,-2.459,51285.16,141661.975,0.62,1.995,2.9983
688322.SH,2024-10-17,27.37,28.24,27.37,27.75,27.37,0.38,1.3884,54420.67,151901.25,0.77,2.117,3.1816
688322.SH,2024-10-18,28.0,31.27,27.73,30.2,27.75,2.45,8.8288,109378.72,322313.82,1.67,4.2549,6.3946
688322.SH,2024-10-21,30.3,32.68,30.11,31.55,30.2,1.35,4.4702,100497.08,316760.021,1.41,3.9094,5.8754
688322.SH,2024-10-22,32.04,32.96,31.15,32.26,31.55,0.71,2.2504,78200.89,250756.077,1.0,3.0421,4.5719
688322.SH,2024-10-23,32.22,32.7,31.6,31.84,32.26,-0.42,-1.3019,66823.73,214517.091,0.85,2.5995,3.9067
688322.SH,2024-10-24,31.82,32.8,31.5,32.7,31.84,0.86,2.701,59541.83,191846.708,0.73,2.3162,3.481
688322.SH,2024-10-25,32.67,33.77,32.35,33.55,32.7,0.85,2.5994,73680.7,244170.143,0.89,2.8662,4.3076
688322.SH,2024-10-28,33.33,33.66,32.24,33.02,33.55,-0.53,-1.5797,67864.03,222844.116,0.9,2.64,3.9675
688322.SH,2024-10-29,33.5,33.55,31.92,31.93,33.02,-1.09,-3.301,64567.48,210424.331,0.93,2.5117,3.7748
688322.SH,2024-10-30,31.72,32.75,31.41,31.8,31.93,-0.13,-0.4071,43908.5,140742.572,0.66,1.7081,2.567
688322.SH,2024-10-31,31.75,32.46,31.1,32.16,31.8,0.36,1.1321,45696.58,145660.49,0.74,1.7776,2.6716
688322.SH,2024-11-01,31.8,32.2,30.65,30.79,32.16,-1.37,-4.26,52206.97,162570.338,0.88,2.0309,3.0522
688322.SH,2024-11-04,30.98,33.49,30.8,32.79,30.79,2.0,6.4956,63484.81,207951.152,1.16,2.4696,3.7115
688322.SH,2024-11-05,32.99,34.59,32.22,34.39,32.79,1.6,4.8795,81731.28,276294.856,1.51,3.1794,4.7783
688322.SH,2024-11-06,34.35,35.5,33.77,34.14,34.39,-0.25,-0.727,73107.99,252369.467,1.27,2.844,4.2741
688322.SH,2024-11-07,34.0,34.26,33.0,33.6,34.14,-0.54,-1.5817,50040.68,167588.46,0.79,1.9466,2.9255
688322.SH,2024-11-08,33.99,34.8,33.4,33.59,33.6,-0.01,-0.0298,44849.01,152862.754,0.7,1.7447,2.622
688322.SH,2024-11-11,33.59,36.22,33.33,35.81,33.59,2.22,6.6091,83996.99,296711.766,1.34,3.2675,4.9107
688322.SH,2024-11-12,37.68,37.98,35.2,35.55,35.81,-0.26,-0.7261,95455.0,350094.357,1.43,3.7133,5.5806
688322.SH,2024-11-13,34.67,36.23,34.4,35.99,35.55,0.44,1.2377,57056.25,200921.637,0.82,2.2195,3.3357
688322.SH,2024-11-14,35.77,36.0,33.88,34.0,35.99,-1.99,-5.5293,59603.53,207487.789,0.9,2.3186,3.4846
688322.SH,2024-11-15,34.08,34.24,31.99,32.01,34.0,-1.99,-5.8529,59162.65,195768.675,0.87,2.3015,3.4588
688322.SH,2024-11-18,32.4,32.4,30.4,30.74,32.01,-1.27,-3.9675,62080.02,194324.868,0.87,2.415,3.6294
688322.SH,2024-11-19,30.9,32.46,30.85,32.24,30.74,1.5,4.8796,50586.42,160044.106,0.76,1.9678,2.9574
688322.SH,2024-11-20,32.0,36.3,32.0,35.03,32.24,2.79,8.6538,96107.65,330424.179,1.67,3.7387,5.6187
688322.SH,2024-11-21,34.8,35.18,34.09,34.94,35.03,-0.09,-0.2569,60646.33,210347.48,0.93,2.3592,3.5456
688322.SH,2024-11-22,34.94,35.45,32.76,32.83,34.94,-2.11,-6.0389,59663.84,204716.407,0.91,2.321,3.4881
688322.SH,2024-11-25,33.37,33.37,31.93,33.29,32.83,0.46,1.4012,46851.61,153064.17,0.71,1.8226,2.7391
688322.SH,2024-11-26,33.44,33.44,31.51,31.57,33.29,-1.72,-5.1667,51831.49,167141.309,0.83,2.0163,3.0302
688322.SH,2024-11-27,31.86,32.2,30.77,32.16,31.57,0.59,1.8689,58591.42,182947.981,0.93,2.2792,3.4254
688322.SH,2024-11-28,32.1,32.57,31.4,31.8,32.16,-0.36,-1.1194,43213.34,137858.323,0.78,1.681,2.5264
688322.SH,2024-11-29,29.88,32.55,29.62,31.7,31.8,-0.1,-0.3145,109718.61,339481.155,2.11,4.2681,6.4145
688322.SH,2024-12-02,32.38,34.65,32.2,33.7,31.7,2.0,6.3091,90623.79,304562.169,1.46,3.5253,5.2981
688322.SH,2024-12-03,33.35,35.88,33.3,35.19,33.7,1.49,4.4214,114654.67,399376.416,1.62,4.4601,6.7031
688322.SH,2024-12-04,34.78,36.0,34.22,34.66,35.19,-0.53,-1.5061,99865.22,350400.091,1.2,3.8848,5.8384
688322.SH,2024-12-05,37.0,39.86,36.97,37.67,34.66,3.01,8.6844,195208.21,744938.325,2.13,7.5937,11.4124
688322.SH,2024-12-06,38.2,39.06,35.81,38.38,37.67,0.71,1.8848,171389.11,645561.829,1.4,6.6672,10.0199
688322.SH,2024-12-09,38.0,39.48,37.39,37.58,38.38,-0.8,-2.0844,139959.62,534599.864,1.04,5.4445,8.1825
688322.SH,2024-12-10,38.83,40.98,37.92,39.46,37.58,1.88,5.0027,206304.9,820834.741,1.43,8.0254,12.0612
688322.SH,2024-12-11,39.03,40.28,36.98,39.81,39.46,0.35,0.887,153552.06,592981.062,0.94,5.9733,8.9771
688322.SH,2024-12-12,39.0,39.79,37.88,38.23,39.81,-1.58,-3.9689,93720.95,360566.753,0.54,3.6458,5.4792
688322.SH,2024-12-13,38.55,39.22,37.0,37.2,38.23,-1.03,-2.6942,95823.74,364022.602,0.63,3.7276,5.6021
688322.SH,2024-12-16,36.81,37.7,36.17,36.91,37.2,-0.29,-0.7796,71463.96,264050.488,0.52,2.78,4.178
688322.SH,2024-12-17,36.81,37.91,35.87,36.08,36.91,-0.83,-2.2487,85361.45,312190.821,0.69,3.3206,4.9905
688322.SH,2024-12-18,36.12,42.3,36.12,41.58,36.08,5.5,15.2439,204377.05,816597.457,2.04,7.9504,11.9485
688322.SH,2024-12-19,41.3,42.65,41.17,42.0,41.58,0.42,1.0101,138241.48,579211.721,1.26,5.3777,8.082
688322.SH,2024-12-20,41.79,45.1,41.56,43.32,42.0,1.32,3.1429,150425.52,653241.122,1.26,5.8517,8.7943
688322.SH,2024-12-23,42.91,44.42,42.1,43.0,43.32,-0.32,-0.7387,123265.68,533525.075,0.95,4.7951,7.2065
688322.SH,2024-12-24,46.8,47.95,43.5,44.4,43.0,1.4,3.2558,140310.07,632315.33,1.0,5.4582,8.2029
688322.SH,2024-12-25,44.2,49.7,44.01,47.17,44.4,2.77,6.2387,180288.61,849611.054,1.19,7.0134,10.5402
688322.SH,2024-12-26,46.1,50.5,45.2,49.97,47.17,2.8,5.936,167776.71,813481.073,1.15,6.5266,9.8087
688322.SH,2024-12-27,49.12,50.09,46.84,47.33,49.97,-2.64,-5.2832,135368.91,654858.569,0.89,5.2659,7.9141
688322.SH,2024-12-30,47.0,50.03,45.5,47.99,47.33,0.66,1.3945,102661.73,494022.894,0.69,3.9936,6.0019
688322.SH,2024-12-31,48.48,50.28,46.4,46.5,47.99,-1.49,-3.1048,103228.84,496870.801,0.71,4.0157,6.0351
688322.SH,2025-01-02,46.12,47.71,44.76,45.3,46.5,-1.2,-2.5806,96691.85,445284.323,0.7,3.7614,5.6529
688322.SH,2025-01-03,45.05,45.43,42.0,42.4,45.3,-2.9,-6.4018,101466.9,439622.082,0.84,3.9471,5.9321
688322.SH,2025-01-06,42.78,42.92,40.8,41.41,42.4,-0.99,-2.3349,70726.92,294370.561,0.66,2.7513,4.1349
688322.SH,2025-01-07,41.6,43.89,41.3,43.63,41.41,2.22,5.361,80503.03,344020.034,0.85,3.1316,4.7064
688322.SH,2025-01-08,43.2,49.48,42.7,46.97,43.63,3.34,7.6553,146890.71,666991.142,1.62,5.7142,8.5877
688322.SH,2025-01-09,46.12,48.41,46.05,47.41,46.97,0.44,0.9368,110111.69,519169.584,1.11,4.2834,6.4375
688322.SH,2025-01-10,47.0,52.8,46.79,49.81,47.41,2.4,5.0622,168577.08,855468.475,1.65,6.5578,9.8555
688322.SH,2025-01-13,48.65,52.5,48.28,50.11,49.81,0.3,0.6023,138241.01,694969.067,1.2,5.3777,8.082
688322.SH,2025-01-14,49.61,52.62,48.5,51.0,50.11,0.89,1.7761,172675.2,878676.508,1.34,6.7172,10.0951
688322.SH,2025-01-15,50.95,50.95,47.58,48.85,51.0,-2.15,-4.2157,151969.52,737199.366,1.03,5.9117,8.8846
688322.SH,2025-01-16,48.83,49.26,47.68,48.3,48.85,-0.55,-1.1259,93963.39,454738.025,0.63,3.6552,5.4934
688322.SH,2025-01-17,48.18,51.0,48.1,49.0,48.3,0.7,1.4493,103002.52,509187.354,0.71,4.0069,6.0218
688322.SH,2025-01-20,49.65,49.78,47.28,47.92,49.0,-1.08,-2.2041,88901.06,428922.444,0.67,3.4583,5.1974
688322.SH,2025-01-21,49.06,52.55,48.6,52.47,47.92,4.55,9.495,165092.79,837909.84,1.35,6.4222,9.6518
688322.SH,2025-01-22,51.45,52.29,50.5,51.18,52.47,-1.29,-2.4585,84526.48,433070.123,0.7,3.2881,4.9417
688322.SH,2025-01-23,52.3,53.86,50.38,51.4,51.18,0.22,0.4299,140814.87,734681.348,1.31,5.4778,8.2325
688322.SH,2025-01-24,51.11,55.14,50.8,54.99,51.4,3.59,6.9844,179127.48,960735.847,1.54,6.9682,10.4723
688322.SH,2025-01-27,53.99,54.45,50.52,52.18,54.99,-2.81,-5.11,102081.81,532531.33,0.78,3.9711,5.968
688322.SH,2025-02-05,52.23,56.33,51.68,55.16,52.18,2.98,5.711,124120.99,679670.509,0.92,4.8284,7.2565
688322.SH,2025-02-06,54.05,58.42,54.05,56.67,55.16,1.51,2.7375,148314.17,839429.215,1.18,5.7695,8.6709
688322.SH,2025-02-07,56.0,60.44,55.39,60.0,56.67,3.33,5.8761,158281.53,924200.924,1.14,6.1573,9.2536
688322.SH,2025-02-10,59.0,60.95,57.6,59.1,60.0,-0.9,-1.5,126887.0,748206.017,0.89,4.936,7.3827
688322.SH,2025-02-11,58.59,63.83,58.3,61.52,59.1,2.42,4.0948,155574.45,958849.398,1.18,6.052,9.0518
688322.SH,2025-02-12,60.2,62.9,57.51,59.08,61.52,-2.44,-3.9662,164626.82,990416.685,1.15,6.4041,9.5785
688322.SH,2025-02-13,59.2,59.88,56.26,57.23,59.08,-1.85,-3.1313,118237.9,683406.88,0.78,4.5995,6.8795
688322.SH,2025-02-14,56.5,57.59,55.52,56.29,57.23,-0.94,-1.6425,135783.41,765615.235,0.94,5.2821,7.9003
688322.SH,2025-02-17,56.66,57.49,55.1,57.0,56.29,0.71,1.2613,183892.31,1035362.114,1.31,7.1535,10.6995
688322.SH,2025-02-18,57.21,59.5,56.07,57.91,57.0,0.91,1.5965,166304.3,959938.946,1.1,6.4694,9.6761
688322.SH,2025-02-19,57.48,69.49,57.48,68.1,57.91,10.19,17.5963,272002.13,1759087.851,1.77,10.5811,15.826
688322.SH,2025-02-20,67.1,75.5,64.56,69.7,68.1,1.6,2.3495,260745.86,1803129.11,1.49,10.1432,15.1711
688322.SH,2025-02-21,68.7,71.0,67.29,70.5,69.7,0.8,1.1478,184667.94,1269459.2,0.91,7.1837,10.7446
688322.SH,2025-02-24,70.0,75.49,66.1,71.58,70.5,1.08,1.5319,191541.45,1356744.839,0.9,7.4511,11.1445
688322.SH,2025-02-25,68.94,73.75,68.54,69.83,71.58,-1.75,-2.4448,149977.85,1068457.922,0.7,5.8342,8.7262
688322.SH,2025-02-26,70.54,74.76,69.53,69.8,69.83,-0.03,-0.043,186676.97,1348813.813,0.88,7.2619,10.8615
688322.SH,2025-02-27,68.6,72.08,67.7,70.63,69.8,0.83,1.1891,169021.55,1184409.828,0.87,6.5751,9.8342
688322.SH,2025-02-28,70.0,71.8,65.38,65.96,70.63,-4.67,-6.6119,160910.63,1075300.473,0.91,6.2595,9.3623
688322.SH,2025-03-03,66.0,67.76,63.84,65.81,65.96,-0.15,-0.2274,112309.92,742595.842,0.65,4.3689,6.5346
688322.SH,2025-03-04,65.4,72.3,65.4,69.99,65.81,4.18,6.3516,164142.75,1148392.209,1.05,6.3853,9.5504
688322.SH,2025-03-05,69.0,72.0,68.68,70.85,69.99,0.86,1.2287,125791.9,885910.828,0.79,4.8934,7.319
688322.SH,2025-03-06,72.22,75.49,71.37,72.4,70.85,1.55,2.1877,161678.37,1182656.835,1.1,6.2894,9.407
688322.SH,2025-03-07,71.27,73.8,70.0,70.46,72.4,-1.94,-2.6796,120706.63,860973.546,0.83,4.6956,7.0231
688322.SH,2025-03-10,71.55,72.92,69.0,69.13,70.46,-1.33,-1.8876,121024.21,854756.51,0.88,4.7079,7.0416
688322.SH,2025-03-11,67.35,69.67,66.83,68.1,69.13,-1.03,-1.4899,115849.44,787898.601,0.84,4.5066,6.2252
688322.SH,2025-03-12,69.66,72.48,68.0,68.0,68.1,-0.1,-0.1468,146613.44,1031974.056,1.14,5.7034,7.8784
688322.SH,2025-03-13,68.02,68.47,59.95,61.11,68.0,-6.89,-10.1324,227872.89,1434795.117,1.71,8.8644,12.2449
688322.SH,2025-03-14,61.0,63.9,60.15,62.9,61.11,1.79,2.9291,167329.5,1035214.659,1.14,6.5092,8.9915
688322.SH,2025-03-17,62.88,64.76,61.57,63.88,62.9,0.98,1.558,106202.41,674202.334,0.68,4.1313,5.5868
688322.SH,2025-03-18,63.9,64.89,63.4,63.83,63.88,-0.05,-0.0783,89091.3,571032.467,0.58,3.4657,4.6866
688322.SH,2025-03-19,63.83,64.47,62.3,63.58,63.83,-0.25,-0.3917,75366.36,477996.557,0.51,2.9318,3.9646
688322.SH,2025-03-20,63.69,64.72,61.57,62.0,63.58,-1.58,-2.4851,96983.68,612871.509,0.73,3.7727,5.1018
688322.SH,2025-03-21,60.7,60.99,58.0,58.3,62.0,-3.7,-5.9677,140866.79,832039.176,1.32,5.4798,7.4103
688322.SH,2025-03-24,58.9,59.85,57.9,59.42,58.3,1.12,1.9211,85833.92,505544.71,0.84,3.339,4.441
688322.SH,2025-03-25,59.3,60.78,57.52,57.67,59.42,-1.75,-2.9451,72228.67,425911.234,0.74,2.8097,3.7371
688322.SH,2025-03-26,57.79,59.29,56.4,56.68,57.67,-0.99,-1.7167,105885.1,610827.315,1.12,4.119,5.4785
688322.SH,2025-03-27,56.27,58.05,55.79,57.01,56.68,0.33,0.5822,74680.17,425902.938,0.74,2.9051,3.8639
688322.SH,2025-03-28,56.5,57.36,55.78,55.81,57.01,-1.2,-2.1049,49695.88,280119.946,0.52,1.9332,2.5713
688322.SH,2025-03-31,55.0,55.67,53.2,55.35,55.81,-0.46,-0.8242,89928.48,487009.815,1.16,3.4983,4.6529
688322.SH,2025-04-01,56.5,56.98,54.55,55.07,55.35,-0.28,-0.5059,52969.46,293363.393,0.67,2.0605,2.7406
688322.SH,2025-04-02,54.98,56.4,54.75,55.7,55.07,0.63,1.144,50934.09,284060.893,0.68,1.9814,2.6353
688322.SH,2025-04-03,55.12,56.37,53.4,53.97,55.7,-1.73,-3.1059,60802.98,332129.539,0.96,2.3653,3.1459
688322.SH,2025-04-07,48.88,50.73,43.18,43.18,53.97,-10.79,-19.9926,136856.86,632954.975,2.25,5.3238,7.081
688322.SH,2025-04-08,43.31,45.96,43.31,44.65,43.18,1.47,3.4044,123695.42,551566.429,1.58,4.8118,6.4
688322.SH,2025-04-09,43.85,46.97,41.53,46.53,44.65,1.88,4.2105,125055.84,565859.744,1.47,4.8648,6.4704
688322.SH,2025-04-10,50.0,51.55,48.5,49.32,46.53,2.79,5.9961,136515.55,683949.376,1.37,5.3106,7.0633
688322.SH,2025-04-11,49.01,52.87,48.99,51.92,49.32,2.6,5.2717,105150.04,537608.111,0.9,4.0904,5.4405
688322.SH,2025-04-14,52.99,54.48,52.15,53.67,51.92,1.75,3.3706,111365.45,596040.076,0.89,4.3322,5.762
688322.SH,2025-04-15,53.6,54.8,52.83,53.44,53.67,-0.23,-0.4285,72525.78,389734.668,0.6,2.8213,3.7525
688322.SH,2025-04-16,53.42,53.43,51.37,52.38,53.44,-1.06,-1.9835,60319.92,315982.375,0.55,2.3465,3.1209
688322.SH,2025-04-17,51.98,53.18,51.4,51.46,52.38,-0.92,-1.7564,54685.97,285165.423,0.56,2.1273,2.8294
688322.SH,2025-04-18,51.46,54.3,50.93,52.72,51.46,1.26,2.4485,73436.63,385263.702,0.91,2.8567,3.7996
688322.SH,2025-04-21,53.68,58.99,53.68,58.61,52.72,5.89,11.1722,158786.54,892463.223,2.13,6.1769,8.2156
688322.SH,2025-04-22,58.61,61.33,57.76,59.35,58.61,0.74,1.2626,125115.15,744146.289,1.49,4.8671,6.6598
688322.SH,2025-04-23,60.09,63.5,59.4,62.5,59.35,3.15,5.3075,131844.53,815036.144,1.4,5.1288,7.0181
688322.SH,2025-04-24,62.16,63.98,61.42,62.8,62.5,0.3,0.48,94069.62,589188.453,0.86,3.6594,5.0073
688322.SH,2025-04-25,62.68,62.99,61.52,61.86,62.8,-0.94,-1.4968,86795.81,539731.032,0.74,3.3764,4.6201
688322.SH,2025-04-28,61.25,62.2,60.0,60.33,61.86,-1.53,-2.4733,85065.19,516486.531,0.71,3.3091,4.528
688322.SH,2025-04-29,58.49,60.5,55.7,59.98,60.33,-0.35,-0.5801,129480.43,752367.047,1.24,5.0369,6.8922
688322.SH,2025-04-30,59.58,60.66,58.6,59.26,59.98,-0.72,-1.2004,101964.81,608891.82,0.97,3.9665,5.2757
688322.SH,2025-05-06,60.66,60.93,59.3,59.73,59.26,0.47,0.7931,90429.86,542412.813,0.91,3.5178,4.6788
688322.SH,2025-05-07,60.66,62.3,57.6,58.77,59.73,-0.96,-1.6072,119369.96,715319.57,1.21,4.6436,6.1762
688322.SH,2025-05-08,58.37,60.28,58.37,59.39,58.77,0.62,1.055,79610.49,472552.489,0.76,3.0969,4.119
688322.SH,2025-05-09,59.06,59.34,56.8,57.77,59.39,-1.62,-2.7277,69619.57,401882.482,0.67,2.7082,3.6021
688322.SH,2025-05-12,58.68,59.67,57.82,59.28,57.77,1.51,2.6138,85971.35,506593.483,0.93,3.3443,4.4482
688322.SH,2025-05-13,60.66,61.08,57.68,57.9,59.28,-1.38,-2.3279,81499.46,478690.121,0.92,3.1704,4.2168
688322.SH,2025-05-14,57.98,58.5,56.36,57.48,57.9,-0.42,-0.7254,76598.95,440380.701,0.88,2.9798,3.9632
688322.SH,2025-05-15,57.27,57.6,56.08,56.38,57.48,-1.1,-1.9137,58253.97,329476.797,0.74,2.2661,3.0141
688322.SH,2025-05-16,56.4,57.38,56.01,56.05,56.38,-0.33,-0.5853,59925.35,339482.635,0.81,2.3311,3.1005
688322.SH,2025-05-19,55.77,56.16,53.8,54.13,56.05,-1.92,-3.4255,72015.79,391946.125,0.99,2.8015,3.7261
688322.SH,2025-05-20,53.97,54.92,53.65,54.07,54.13,-0.06,-0.1108,51137.35,277768.472,0.73,1.9893,2.6458
688322.SH,2025-05-21,53.8,56.54,53.35,55.55,54.07,1.48,2.7372,102386.73,562483.406,1.61,3.9829,5.2975
688322.SH,2025-05-22,55.02,55.83,54.38,54.5,55.55,-1.05,-1.8902,64345.47,353835.758,0.94,2.5031,3.3292
688322.SH,2025-05-23,54.4,56.54,54.4,55.34,54.5,0.84,1.5413,99770.53,555716.893,1.43,3.8811,5.1621
688322.SH,2025-05-26,54.81,55.55,53.63,54.14,55.34,-1.2,-2.1684,61096.88,330663.558,0.78,2.3767,3.1611
688322.SH,2025-05-27,54.4,54.5,52.58,52.93,54.14,-1.21,-2.2349,46648.67,248196.181,0.62,1.8147,2.4136
688322.SH,2025-05-28,53.2,53.6,52.06,53.0,52.93,0.07,0.1323,42477.05,224625.862,0.57,1.6524,2.1978
688322.SH,2025-05-29,52.96,53.54,52.52,52.62,53.0,-0.38,-0.717,57152.66,302672.206,0.91,2.2233,2.9571
688322.SH,2025-05-30,52.45,52.45,51.34,51.68,52.62,-0.94,-1.7864,44437.83,229909.966,0.72,1.7287,2.2992
688322.SH,2025-06-03,51.67,52.32,50.78,50.89,51.68,-0.79,-1.5286,48022.24,247037.21,0.95,1.8681,2.4847
688322.SH,2025-06-04,50.75,51.64,50.3,51.11,50.89,0.22,0.4323,42352.39,216568.239,0.89,1.6475,2.1913
688322.SH,2025-06-05,50.92,53.08,50.53,52.73,51.11,1.62,3.1696,87464.08,456199.963,1.87,3.4024,4.5254
688322.SH,2025-06-06,52.38,53.38,52.11,52.83,52.73,0.1,0.1896,54705.62,288471.47,0.98,2.1281,2.8305
688322.SH,2025-06-09,52.83,53.55,52.14,52.29,52.83,-0.54,-1.0221,54150.75,285704.501,0.98,2.1065,2.8018
688322.SH,2025-06-10,52.5,52.75,50.0,51.45,52.29,-0.84,-1.6064,54669.0,280661.766,0.95,2.1267,2.8286
688322.SH,2025-06-11,51.6,51.93,51.0,51.01,51.45,-0.44,-0.8552,34335.61,176572.232,0.59,1.3357,1.7765
688322.SH,2025-06-12,50.86,51.88,50.4,51.27,51.01,0.26,0.5097,38886.78,199654.543,0.68,1.5127,2.012
688322.SH,2025-06-13,50.98,51.28,49.51,50.13,51.27,-1.14,-2.2235,61514.23,308567.257,1.3,2.3929,3.1827
688322.SH,2025-06-16,49.89,53.18,49.8,52.4,50.13,2.27,4.5282,95782.74,494554.716,1.97,3.726,4.9558
688322.SH,2025-06-17,52.41,52.41,50.28,50.6,52.4,-1.8,-3.4351,71517.81,364816.504,1.25,2.7821,3.7003
688322.SH,2025-06-18,50.5,54.89,50.43,54.69,50.6,4.09,8.083,133696.01,709467.645,2.21,5.2009,6.9174
688322.SH,2025-06-19,56.78,58.9,55.51,56.85,54.69,2.16,3.9495,180302.35,1024003.004,2.25,7.0139,9.3288
688322.SH,2025-06-20,56.81,57.13,54.85,55.0,56.85,-1.85,-3.2542,105063.66,585092.818,0.97,4.087,5.436
688322.SH,2025-06-23,54.0,56.37,53.86,55.49,55.0,0.49,0.8909,83803.81,463413.634,0.71,3.2462,4.3115
688322.SH,2025-06-24,55.98,58.36,55.61,57.79,55.49,2.3,4.1449,118946.38,682985.76,1.04,4.6074,6.1195
688322.SH,2025-06-25,57.82,59.76,57.24,59.1,57.79,1.31,2.2668,116909.63,685094.119,0.94,4.5285,6.0147
688322.SH,2025-06-26,58.8,60.16,57.67,57.72,59.1,-1.38,-2.335,80944.61,476047.329,0.67,3.1354,4.1644
688322.SH,2025-06-27,58.0,58.44,57.11,58.15,57.72,0.43,0.745,65989.44,381459.848,0.65,2.5561,3.395
688322.SH,2025-06-30,58.0,59.77,57.91,59.01,58.15,0.86,1.4789,74673.82,440953.543,0.8,2.8925,3.8418
688322.SH,2025-07-01,58.71,60.5,58.2,59.48,59.01,0.47,0.7965,70373.02,418038.42,0.77,2.7259,3.6205
688322.SH,2025-07-02,59.3,61.59,58.15,60.57,59.48,1.09,1.8325,91740.58,551945.89,1.12,3.5536,4.7198
688322.SH,2025-07-03,60.01,60.53,56.74,57.65,60.57,-2.92,-4.8209,99182.61,577657.8,1.29,3.8419,5.1027
688322.SH,2025-07-04,57.33,59.13,57.25,58.06,57.65,0.41,0.7112,68323.06,399881.504,0.85,2.6465,3.515
688322.SH,2025-07-07,57.97,60.39,57.35,58.34,58.06,0.28,0.4823,54259.89,317982.142,0.67,1.857,2.634
688322.SH,2025-07-08,58.06,61.3,57.88,60.81,58.34,2.47,4.2338,82841.59,499533.795,1.08,2.8351,4.0215
688322.SH,2025-07-09,62.39,63.5,60.22,60.26,60.81,-0.55,-0.9045,84089.07,519490.317,1.06,2.8778,4.082
688322.SH,2025-07-10,59.93,61.17,59.41,60.06,60.26,-0.2,-0.3319,53416.73,321187.436,0.69,1.8281,2.5931
688322.SH,2025-07-11,60.0,61.61,59.15,61.01,60.06,0.95,1.5818,59783.94,361300.41,0.87,2.046,2.9022
688322.SH,2025-07-14,61.62,63.95,60.78,63.56,61.01,2.55,4.1796,92821.69,582843.174,1.39,3.1767,4.506
688322.SH,2025-07-15,63.8,65.23,63.34,64.39,63.56,0.83,1.3059,87217.25,561088.216,1.17,2.9849,4.2339
688322.SH,2025-07-16,64.38,67.5,63.52,66.66,64.39,2.27,3.5254,97954.95,644459.952,1.3,3.3524,4.7551
688322.SH,2025-07-17,66.98,69.55,66.48,66.9,66.66,0.24,0.36,118969.94,806864.801,1.52,4.0716,5.7753
688322.SH,2025-07-18,67.57,68.4,66.65,68.11,66.9,1.21,1.8087,92700.55,625211.267,1.01,3.1725,4.5001
688322.SH,2025-07-21,70.0,72.6,68.35,72.4,68.11,4.29,6.2986,152958.67,1082902.223,1.56,5.2348,7.4253
688322.SH,2025-07-22,71.38,71.97,69.5,69.66,72.4,-2.74,-3.7845,109172.57,768544.126,0.99,3.7363,5.2997
688322.SH,2025-07-23,69.4,71.5,68.07,69.41,69.66,-0.25,-0.3589,85530.05,595650.97,0.75,2.9271,4.152
688322.SH,2025-07-24,69.05,70.6,68.01,68.49,69.41,-0.92,-1.3255,83300.29,575124.211,0.74,2.8508,4.0437
688322.SH,2025-07-25,68.8,72.08,68.33,71.5,68.49,3.01,4.3948,99604.62,698180.512,0.95,3.4088,4.8352
688322.SH,2025-07-28,72.3,72.77,70.5,71.78,71.5,0.28,0.3916,75279.23,538931.857,0.71,2.5763,3.6544
688322.SH,2025-07-29,71.23,73.5,71.13,71.85,71.78,0.07,0.0975,73822.26,532703.767,0.82,2.5265,3.5836
688322.SH,2025-07-30,71.15,72.37,69.32,69.69,71.85,-2.16,-3.0063,80514.8,567842.673,0.96,2.7555,3.9085
688322.SH,2025-07-31,70.16,76.6,69.8,73.87,69.69,4.18,5.998,161293.34,1202868.832,1.95,5.52,7.8299
688322.SH,2025-08-01,73.01,74.8,72.27,72.38,73.87,-1.49,-2.0171,79708.78,583992.907,0.81,2.7279,3.8694
688322.SH,2025-08-04,72.25,73.9,71.39,73.79,72.38,1.41,1.9481,84205.18,610649.402,0.89,2.8818,4.0877
688322.SH,2025-08-05,73.83,75.23,72.76,74.65,73.79,0.86,1.1655,77379.22,572706.443,0.81,2.6482,3.7563
688322.SH,2025-08-06,75.69,87.6,74.58,85.47,74.65,10.82,14.4943,190487.55,1521039.678,1.97,6.5192,9.2471
688322.SH,2025-08-07,84.8,87.98,84.11,84.8,85.47,-0.67,-0.7839,143912.17,1229030.414,1.21,4.9252,6.9861
688322.SH,2025-08-08,85.23,86.65,83.0,83.24,84.8,-1.56,-1.8396,109650.72,926842.128,0.95,3.7526,5.3229
688322.SH,2025-08-11,84.09,87.83,83.25,84.9,83.24,1.66,1.9942,119036.65,1013903.895,0.98,4.0739,5.7785
688322.SH,2025-08-12,83.0,83.2,79.01,79.98,84.9,-4.92,-5.7951,172341.02,1385403.169,1.35,5.8981,8.3662
688322.SH,2025-08-13,80.21,81.43,79.3,80.45,79.98,0.47,0.5876,122057.59,980581.316,0.83,4.1773,5.9252
688322.SH,2025-08-14,80.4,80.98,78.01,79.24,80.45,-1.21,-1.504,121331.0,966472.289,0.91,4.1524,5.8899
688322.SH,2025-08-15,79.0,80.42,78.15,80.25,79.24,1.01,1.2746,114823.4,912609.43,0.89,3.9297,5.574
688322.SH,2025-08-18,81.34,84.3,79.83,80.55,80.25,0.3,0.3738,171251.81,1400808.229,1.32,5.8609,8.3133
688322.SH,2025-08-19,80.1,85.5,78.59,82.66,80.55,2.11,2.6195,170373.86,1391764.187,1.21,5.8308,8.2707
688322.SH,2025-08-20,81.55,81.67,78.49,80.94,82.66,-1.72,-2.0808,126446.77,1011357.243,0.9,4.3275,6.1383
688322.SH,2025-08-21,80.34,81.99,78.5,79.03,80.94,-1.91,-2.3598,97733.25,781367.528,0.69,3.3448,4.7444
688322.SH,2025-08-22,78.38,83.56,78.21,83.28,79.03,4.25,5.3777,152430.68,1241145.385,1.12,5.2167,7.3996
688322.SH,2025-08-25,86.3,94.94,86.3,88.8,83.28,5.52,6.6282,255196.38,2307901.237,1.78,8.7337,12.3883
688322.SH,2025-08-26,88.0,88.7,85.49,85.8,88.8,-3.0,-3.3784,142659.19,1238176.543,0.89,4.8823,6.9253
688322.SH,2025-08-27,86.08,91.6,85.0,85.19,85.8,-0.61,-0.711,205239.47,1807905.794,1.33,7.024,9.9632
688322.SH,2025-08-28,84.51,87.25,82.03,85.1,85.19,-0.09,-0.1056,203756.0,1721615.389,1.19,6.9733,9.8912
688322.SH,2025-08-29,87.47,87.94,83.18,84.33,85.1,-0.77,-0.9048,165330.38,1404343.827,0.86,5.6582,8.0258
688322.SH,2025-09-01,83.95,86.56,82.61,85.7,84.33,1.37,1.6246,156014.73,1325083.319,0.8,5.3394,7.5736
688322.SH,2025-09-02,85.72,85.72,78.01,82.77,85.7,-2.93,-3.4189,245486.83,2004816.982,1.41,8.4014,11.917
688322.SH,2025-09-03,82.8,87.75,82.01,82.65,82.77,-0.12,-0.145,215305.27,1828906.322,1.1,7.3685,10.4518
688322.SH,2025-09-04,82.36,84.18,76.62,77.56,82.65,-5.09,-6.1585,167693.3,1342366.931,0.85,5.7391,8.1405
688322.SH,2025-09-05,77.56,81.89,77.07,81.43,77.56,3.87,4.9897,140387.13,1125582.076,0.74,4.8046,6.815
688322.SH,2025-09-08,81.27,86.59,81.04,85.28,81.43,3.85,4.728,168375.2,1430338.004,0.91,5.7624,8.1736
688322.SH,2025-09-09,85.3,87.8,83.85,85.42,85.28,0.14,0.1642,134425.71,1154615.251,0.72,4.6005,6.5256
688322.SH,2025-09-10,85.0,87.35,83.97,84.67,85.42,-0.75,-0.878,107869.11,921651.98,0.65,3.6917,5.2364
688322.SH,2025-09-11,84.66,89.8,83.17,89.41,84.67,4.74,5.5982,172545.8,1515893.622,1.2,5.9051,8.3761
688322.SH,2025-09-12,88.97,90.2,87.67,87.75,89.41,-1.66,-1.8566,127577.41,1130713.579,0.88,4.3662,6.1931
688322.SH,2025-09-15,87.74,90.66,86.56,88.49,87.75,0.74,0.8433,139465.5,1243128.327,0.98,4.773,6.7702
688322.SH,2025-09-16,88.3,98.0,88.03,96.4,88.49,7.91,8.9389,220133.82,2069596.63,1.61,7.5338,10.6862
688322.SH,2025-09-17,96.37,98.5,94.15,95.29,96.4,-1.11,-1.1515,171684.56,1647926.668,1.12,5.8757,8.3343
688322.SH,2025-09-18,95.63,98.47,90.01,91.98,95.29,-3.31,-3.4736,247328.58,2343125.067,1.49,8.4645,12.0064
688322.SH,2025-09-19,92.33,93.87,89.58,90.1,91.98,-1.88,-2.0439,129517.1,1181532.774,0.71,4.4325,6.2873
688322.SH,2025-09-22,89.97,91.78,89.61,91.61,90.1,1.51,1.6759,98945.72,898476.94,0.54,3.3863,4.8032
688322.SH,2025-09-23,91.61,93.5,85.48,89.1,91.61,-2.51,-2.7399,161051.65,1431014.843,0.93,5.5118,7.8181
688322.SH,2025-09-24,88.0,90.5,86.91,90.1,89.1,1.0,1.1223,110716.71,987543.364,0.68,3.7891,5.3747
688322.SH,2025-09-25,91.59,91.82,88.88,89.48,90.1,-0.62,-0.6881,97569.4,881119.125,0.65,3.3392,4.7364
688322.SH,2025-09-26,88.66,89.27,85.55,85.88,89.48,-3.6,-4.0232,92051.77,801990.002,0.77,3.1503,4.4686
688322.SH,2025-09-29,86.02,90.63,86.02,89.59,85.88,3.71,4.32,98880.42,879100.513,0.88,3.384,4.8001
688322.SH,2025-09-30,90.0,91.48,89.12,91.1,89.59,1.51,1.6855,85052.77,769959.725,0.76,2.9108,4.1288
688322.SH,2025-10-09,91.75,91.88,89.13,90.0,91.1,-1.1,-1.2075,99054.6,897636.153,1.02,3.39,4.8085
688322.SH,2025-10-10,90.22,90.93,86.93,86.96,90.0,-3.04,-3.3778,101248.24,896918.158,1.07,3.4651,4.915
688322.SH,2025-10-13,80.45,82.68,79.29,82.51,86.96,-4.45,-5.1173,149170.9,1212482.696,1.57,5.1052,7.2414
688322.SH,2025-10-14,84.5,86.86,80.15,80.7,82.51,-1.81,-2.1937,106952.36,895843.519,1.0,3.6603,5.1919
688322.SH,2025-10-15,81.2,84.2,78.6,83.89,80.7,3.19,3.9529,104962.27,854899.452,0.97,3.5922,5.0953
688322.SH,2025-10-16,83.29,83.54,80.68,81.09,83.89,-2.8,-3.3377,75681.39,619959.278,0.67,2.5901,3.6739
688322.SH,2025-10-17,82.31,84.5,80.81,81.02,81.09,-0.07,-0.0863,113021.95,932714.856,1.05,3.868,5.4866
688322.SH,2025-10-20,82.37,84.08,80.89,82.21,81.02,1.19,1.4688,87698.06,723761.596,0.8,3.0013,4.2572
688322.SH,2025-10-21,83.0,84.27,82.0,83.55,82.21,1.34,1.63,75001.77,623552.906,0.77,2.5668,3.6409
688322.SH,2025-10-22,83.0,86.45,82.5,85.32,83.55,1.77,2.1185,93519.49,792224.619,1.02,3.2006,4.5398
688322.SH,2025-10-23,85.3,85.3,82.0,83.9,85.32,-1.42,-1.6643,61057.41,508195.758,0.69,2.0896,2.964
688322.SH,2025-10-24,84.73,86.13,84.02,85.83,83.9,1.93,2.3004,71513.02,608787.457,0.83,2.4474,3.4715
688322.SH,2025-10-27,87.3,89.18,84.93,86.6,85.83,0.77,0.8971,95035.22,825794.563,1.22,3.2524,4.6925
688322.SH,2025-10-28,86.19,89.49,85.2,88.35,86.6,1.75,2.0208,124073.21,1084759.511,1.57,4.2462,6.1263
688322.SH,2025-10-29,88.39,88.99,86.45,88.06,88.35,-0.29,-0.3282,68491.71,598766.254,0.77,2.344,3.3819
688322.SH,2025-10-30,87.9,89.76,86.18,86.46,88.06,-1.6,-1.8169,75196.44,659445.384,0.89,2.5735,3.7129
688322.SH,2025-10-31,86.53,90.2,86.33,87.37,86.46,0.91,1.0525,93276.06,824212.603,1.07,3.1922,4.6056
688322.SH,2025-11-03,88.42,92.5,88.28,89.94,87.37,2.57,2.9415,136640.56,1234452.412,1.5,4.6763,6.7468
688322.SH,2025-11-04,90.0,90.0,82.66,83.6,89.94,-6.34,-7.0491,121353.95,1034404.647,1.22,4.1532,5.992
688322.SH,2025-11-05,80.2,82.6,80.1,81.6,83.6,-2.0,-2.3923,63067.34,513368.128,0.64,2.1584,3.114
688322.SH,2025-11-06,81.86,85.6,81.27,85.2,81.6,3.6,4.4118,80508.43,671902.18,0.82,2.7553,3.9752
688322.SH,2025-11-07,84.3,84.3,82.18,83.46,85.2,-1.74,-2.0423,53089.35,441510.518,0.54,1.8169,2.6214
688322.SH,2025-11-10,83.58,83.99,78.48,79.42,83.46,-4.04,-4.8406,91177.96,729833.696,1.0,3.12,4.5011
688322.SH,2025-11-11,80.18,81.2,78.7,79.65,79.42,0.23,0.2896,51590.1,411821.437,0.63,1.7653,2.5468
688322.SH,2025-11-12,79.25,80.32,77.92,79.55,79.65,-0.1,-0.1255,47213.02,372496.341,0.7,1.6156,2.3307
688322.SH,2025-11-13,79.19,80.17,78.17,79.66,79.55,0.11,0.1383,42580.22,338033.129,0.66,1.457,2.102
688322.SH,2025-11-14,78.3,78.98,75.82,76.09,79.66,-3.57,-4.4815,74322.33,571993.705,1.3,2.5432,3.669
688322.SH,2025-11-17,76.02,78.71,76.0,78.19,76.09,2.1,2.7599,60605.68,471709.64,0.99,2.0738,2.9918
688322.SH,2025-11-18,77.98,79.65,77.59,78.92,78.19,0.73,0.9336,42525.8,335903.746,0.77,1.4552,2.0993
688322.SH,2025-11-19,79.16,79.99,78.53,79.57,78.92,0.65,0.8236,38455.52,305872.774,0.72,1.3159,1.8984
688322.SH,2025-11-20,80.4,80.68,78.23,79.81,79.57,0.24,0.3016,44226.55,352205.221,0.86,1.5134,2.1833
688322.SH,2025-11-21,78.13,82.25,78.0,80.86,79.81,1.05,1.3156,84451.77,677127.964,1.62,2.8898,4.169
688322.SH,2025-11-24,81.0,81.84,78.24,79.08,80.86,-1.78,-2.2013,72846.55,579554.089,1.35,2.4927,3.5961
688322.SH,2025-11-25,80.0,82.4,79.9,80.43,79.08,1.35,1.7071,64537.21,523981.846,1.14,2.2084,3.1859
688322.SH,2025-11-26,80.43,83.24,79.98,81.76,80.43,1.33,1.6536,50216.69,411754.013,0.82,1.7183,2.479
688322.SH,2025-11-27,82.0,83.6,81.11,82.0,81.76,0.24,0.2935,39871.27,329578.97,0.63,1.3643,1.9683
688322.SH,2025-11-28,81.4,82.9,80.81,82.59,82.0,0.59,0.7195,35711.85,293101.342,0.57,1.222,1.7629
688322.SH,2025-12-01,82.5,82.5,81.12,82.02,82.59,-0.57,-0.6902,61017.72,498307.406,1.16,2.0879,3.0122
688322.SH,2025-12-02,82.3,82.3,79.47,80.22,82.02,-1.8,-2.1946,45050.36,363207.262,0.9,1.5416,2.2239
688322.SH,2025-12-03,80.0,80.95,79.08,79.35,80.22,-0.87,-1.0845,28410.77,226574.545,0.61,0.9722,1.4025
688322.SH,2025-12-04,81.07,82.98,80.71,81.48,79.35,2.13,2.6843,75462.6,618073.096,1.8,2.5822,3.7253
688322.SH,2025-12-05,82.16,84.0,81.28,84.0,81.48,2.52,3.0928,69134.57,574919.729,1.41,2.3657,3.4129
688322.SH,2025-12-08,84.24,84.83,83.15,84.27,84.0,0.27,0.3214,62240.85,522952.29,1.12,2.1298,3.0726
688322.SH,2025-12-09,83.65,84.39,82.3,82.67,84.27,-1.6,-1.8987,46629.51,388080.326,0.83,1.5956,2.3019
688322.SH,2025-12-10,82.5,83.06,81.17,82.91,82.67,0.24,0.2903,42599.79,349674.31,0.76,1.4577,2.103
688322.SH,2025-12-11,82.6,83.91,80.93,82.0,82.91,-0.91,-1.0976,59613.62,489390.982,1.01,2.0399,2.9429
688322.SH,2025-12-12,81.6,83.74,78.83,83.43,82.0,1.43,1.7439,164147.06,1329751.701,2.93,5.6169,8.1032
688322.SH,2025-12-15,81.77,83.2,78.69,78.8,83.43,-4.63,-5.5496,96766.52,778552.56,1.29,3.3112,4.7769
688322.SH,2025-12-16,78.3,79.91,78.07,78.07,78.8,-0.73,-0.9264,54559.34,431240.247,0.67,1.8669,2.6934
688322.SH,2025-12-17,78.48,79.86,77.55,79.61,78.07,1.54,1.9726,42613.45,335234.432,0.51,1.4582,2.1036
688322.SH,2025-12-18,79.0,82.75,78.38,81.2,79.61,1.59,1.9972,81299.3,662517.672,0.97,2.7819,4.0134
688322.SH,2025-12-19,81.8,81.8,79.87,80.24,81.2,-0.96,-1.1823,48981.15,395138.327,0.56,1.6761,2.418
688322.SH,2025-12-22,80.8,82.17,80.8,81.67,80.24,1.43,1.7822,51422.46,419920.959,0.79,1.7596,2.5385
688322.SH,2025-12-23,81.88,82.0,80.83,81.2,81.67,-0.47,-0.5755,34015.74,276521.538,0.61,1.164,1.6792
688322.SH,2025-12-24,81.5,81.9,80.9,81.16,81.2,-0.04,-0.0493,39420.41,320627.929,0.76,1.3489,1.946
688322.SH,2025-12-25,81.86,85.7,81.4,85.29,81.16,4.13,5.0887,94890.95,792941.336,1.86,3.247,4.6844
688322.SH,2025-12-26,85.28,88.27,84.78,86.5,85.29,1.21,1.4187,77444.36,671852.929,1.44,2.65,3.8231
688322.SH,2025-12-29,86.2,88.63,84.98,87.05,86.5,0.55,0.6358,80964.17,704938.487,1.36,2.7705,3.9969
688322.SH,2025-12-30,86.53,91.75,86.16,90.58,87.05,3.53,4.0551,116344.97,1036578.905,1.78,3.9811,5.7435
688322.SH,2025-12-31,90.11,91.38,88.83,89.67,90.58,-0.91,-1.0046,80787.38,725899.135,0.99,2.7644,3.9881
688322.SH,2026-01-05,88.9,91.08,87.9,89.63,89.67,-0.04,-0.0446,83115.29,745426.089,0.92,2.8441,4.103
688322.SH,2026-01-06,90.5,93.5,88.8,91.45,89.63,1.82,2.0306,100413.12,914415.403,1.14,3.436,4.957
688322.SH,2026-01-07,91.45,94.24,90.29,93.2,91.45,1.75,1.9136,100967.72,936797.514,1.09,3.1683,4.9843
688322.SH,2026-01-08,93.1,94.22,90.62,92.0,93.2,-1.2,-1.2876,69757.18,641943.25,0.72,2.189,3.4436
688322.SH,2026-01-09,91.53,95.55,91.04,94.08,92.0,2.08,2.2609,81859.1,769443.935,0.94,2.5687,4.041
688322.SH,2026-01-12,94.08,95.5,90.75,93.2,94.08,-0.88,-0.9354,94498.96,873090.367,1.08,2.9654,4.665
688322.SH,2026-01-13,93.2,98.8,92.0,92.51,93.2,-0.69,-0.7403,133123.6,1270230.576,1.49,4.1774,6.5717
688322.SH,2026-01-14,92.94,94.0,89.27,91.2,92.51,-1.31,-1.4161,112763.36,1032965.27,1.17,3.5385,5.5666
688322.SH,2026-01-15,89.88,92.18,89.84,90.86,91.2,-0.34,-0.3728,52873.59,480392.089,0.54,1.6592,2.6101
688322.SH,2026-01-16,90.71,100.79,90.71,98.3,90.86,7.44,8.1884,151594.27,1464212.666,1.6,4.757,7.4836
688322.SH,2026-01-19,99.98,105.74,98.36,102.46,98.3,4.16,4.2319,141466.93,1454524.12,1.3,4.4392,6.9836
688322.SH,2026-01-20,102.0,105.0,99.03,99.99,102.46,-2.47,-2.4107,99108.79,1007328.136,0.84,3.11,4.8926
688322.SH,2026-01-21,99.6,104.87,98.88,101.5,99.99,1.51,1.5102,83717.05,854234.149,0.75,2.627,4.1328
688322.SH,2026-01-22,101.5,106.8,100.88,103.35,101.5,1.85,1.8227,91569.57,951069.603,0.87,2.8734,4.5204
688322.SH,2026-01-23,103.0,108.88,102.33,104.35,103.35,1.0,0.9676,105253.48,1106926.831,0.93,3.3028,5.1959
688322.SH,2026-01-26,104.03,106.0,97.72,98.18,104.35,-6.17,-5.9128,105367.84,1052866.873,1.01,3.3064,5.2016
688322.SH,2026-01-27,97.97,101.28,94.58,100.52,98.18,2.34,2.3834,92584.47,906248.404,0.95,2.9053,4.5705
688322.SH,2026-01-28,99.62,99.89,97.0,98.39,100.52,-2.13,-2.119,63001.01,619311.533,0.66,1.977,3.1101
688322.SH,2026-01-29,97.8,99.48,94.0,94.46,98.39,-3.93,-3.9943,69964.75,674694.604,0.76,2.1955,3.4539
688322.SH,2026-01-30,94.54,97.36,92.06,95.7,94.46,1.24,1.3127,77792.22,736699.374,0.89,2.4411,3.8403
688322.SH,2026-02-02,92.38,94.3,90.01,90.1,95.7,-5.6,-5.8516,100479.07,920077.204,1.23,3.153,4.9602
688322.SH,2026-02-03,91.5,92.7,89.36,92.52,90.1,2.42,2.6859,68801.4,628508.295,0.85,2.159,3.3964
688322.SH,2026-02-04,91.76,92.3,89.86,90.93,92.52,-1.59,-1.7185,48563.92,440102.31,0.64,1.5239,2.3974
688322.SH,2026-02-05,90.48,90.48,88.21,89.06,90.93,-1.87,-2.0565,41553.19,369876.448,0.57,1.3039,2.0513
688322.SH,2026-02-06,88.3,96.3,87.75,92.95,89.06,3.89,4.3678,97090.44,898876.348,1.44,3.0467,4.7929
688322.SH,2026-02-09,94.64,94.64,91.52,93.11,92.95,0.16,0.1721,63420.61,588249.811,0.89,1.9901,3.1308
688322.SH,2026-02-10,93.1,95.16,92.51,94.1,93.11,0.99,1.0633,63760.78,599078.085,1.0,2.0008,3.1476
688322.SH,2026-02-11,94.5,94.64,92.6,93.26,94.1,-0.84,-0.8927,42394.83,395870.202,0.67,1.3303,2.0929
688322.SH,2026-02-12,93.33,96.24,93.1,94.54,93.26,1.28,1.3725,52910.83,503008.806,0.86,1.6603,2.612
688322.SH,2026-02-13,93.51,97.7,92.6,96.77,94.54,2.23,2.3588,71490.21,687926.003,1.12,2.2433,3.5292
688322.SH,2026-02-24,99.99,99.99,91.2,92.1,96.77,-4.67,-4.8259,112473.98,1049295.59,1.91,3.5294,5.5524
688322.SH,2026-02-25,91.92,92.7,89.59,91.35,92.1,-0.75,-0.8143,68065.17,616908.088,0.99,2.1359,3.3601
688322.SH,2026-02-26,91.0,92.03,89.65,91.55,91.35,0.2,0.2189,58339.15,531233.412,0.84,1.8307,2.88
688322.SH,2026-02-27,90.7,92.88,90.33,91.07,91.55,-0.48,-0.5243,53246.95,487911.764,0.73,1.6709,2.6286
688322.SH,2026-03-02,89.0,89.92,88.0,88.52,91.07,-2.55,-2.8,62879.61,557872.818,0.86,1.9731,3.1041
688322.SH,2026-03-03,88.57,89.83,82.26,82.27,88.52,-6.25,-7.0606,94600.3,802588.31,1.33,2.9685,4.67
688322.SH,2026-03-04,81.5,83.73,81.12,82.17,82.27,-0.1,-0.1216,54455.77,449104.675,0.81,1.7088,2.6882
688322.SH,2026-03-05,83.88,85.22,83.27,84.38,82.17,2.21,2.6895,54442.96,459164.582,0.84,1.7084,2.6876
688322.SH,2026-03-06,84.0,84.55,82.82,83.0,84.38,-1.38,-1.6355,42169.57,352374.473,0.66,1.3233,2.0817
688322.SH,2026-03-09,79.9,82.49,78.7,81.66,83.0,-1.34,-1.6145,58676.27,469890.174,0.95,1.8412,2.8966
688322.SH,2026-03-10,83.05,84.5,82.39,84.2,81.66,2.54,3.1105,52205.6,436361.66,0.86,1.6382,2.5772
688322.SH,2026-03-11,84.02,85.46,82.89,83.16,84.2,-1.04,-1.2352,38683.95,324487.695,0.74,1.2139,1.9097
688322.SH,2026-03-12,83.0,83.93,81.01,81.97,83.16,-1.19,-1.431,38461.05,315987.081,0.78,1.2069,1.8987
688322.SH,2026-03-13,80.98,82.6,80.45,80.68,81.97,-1.29,-1.5737,33598.79,272923.145,0.73,1.0543,1.6586
688322.SH,2026-03-16,80.68,80.68,78.51,80.0,80.68,-0.68,-0.8428,47946.71,381501.5,1.08,1.5046,2.3669
688322.SH,2026-03-17,80.9,81.48,77.91,77.99,80.0,-2.01,-2.5125,41535.72,328740.302,0.98,1.3034,2.0504
688322.SH,2026-03-18,78.42,79.2,78.0,78.99,77.99,1.0,1.2822,34276.31,269493.726,0.86,1.0756,1.6921
688322.SH,2026-03-19,76.88,77.8,75.21,75.65,78.99,-3.34,-4.2284,49349.54,377064.875,1.26,1.5486,2.4362
688322.SH,2026-03-20,76.23,76.89,73.66,73.85,75.65,-1.8,-2.3794,48915.19,368634.072,1.18,1.5349,2.4147
688322.SH,2026-03-23,74.0,78.58,73.63,74.7,73.85,0.85,1.151,113038.04,863742.369,2.55,3.5471,5.5802
688322.SH,2026-03-24,76.21,76.63,72.45,74.66,74.7,-0.04,-0.0535,70323.55,519733.28,1.22,2.2067,3.4716
688322.SH,2026-03-25,74.98,77.3,73.52,76.69,74.66,2.03,2.719,58546.3,447351.058,0.93,1.8372,2.8902
688322.SH,2026-03-26,77.05,78.48,75.15,75.49,76.69,-1.2,-1.5647,58012.42,445685.708,0.85,1.8204,2.8638
688322.SH,2026-03-27,74.0,76.38,73.89,75.65,75.49,0.16,0.2119,42042.12,316403.762,0.6,1.3193,2.0754
688322.SH,2026-03-30,73.5,76.97,73.43,75.87,75.65,0.22,0.2908,42828.08,322231.82,0.63,1.3439,2.1142
688322.SH,2026-03-31,75.62,77.49,75.0,75.0,75.87,-0.87,-1.1467,38954.84,295928.245,0.72,1.2224,1.923
688322.SH,2026-04-01,76.5,78.19,76.2,77.98,75.0,2.98,3.9733,52629.87,406739.908,1.09,1.6515,2.5981
688322.SH,2026-04-02,77.8,78.5,75.05,75.53,77.98,-2.45,-3.1418,44465.64,340449.946,0.95,1.3953,2.1951
688322.SH,2026-04-03,75.54,76.28,74.41,76.13,75.53,0.6,0.7944,32414.82,244607.058,0.73,1.0172,1.6002
688322.SH,2026-04-07,76.39,76.4,73.8,74.6,76.13,-1.53,-2.0097,35776.47,268319.797,0.85,1.1227,1.7661
688322.SH,2026-04-08,77.56,79.98,77.56,79.9,74.6,5.3,7.1046,67876.77,535361.267,1.66,2.13,3.3508
688322.SH,2026-04-09,78.45,79.0,77.04,77.64,79.9,-2.26,-2.8285,43857.74,342132.758,0.94,1.3762,2.1651
688322.SH,2026-04-10,79.24,82.79,79.01,80.68,77.64,3.04,3.9155,73700.62,596217.827,1.64,2.3127,3.6383
688322.SH,2026-04-13,79.52,83.99,79.23,82.41,80.68,1.73,2.1443,90237.5,735743.185,1.78,2.8316,4.4546
688322.SH,2026-04-14,83.08,83.22,80.51,82.22,82.41,-0.19,-0.2306,71516.09,585478.977,1.15,2.2442,3.5304
688322.SH,2026-04-15,82.81,83.49,80.88,81.3,82.22,-0.92,-1.1189,60064.27,493166.355,0.87,1.8848,2.9651
688322.SH,2026-04-16,82.69,84.49,81.82,83.54,81.3,2.24,2.7552,71287.85,593802.853,1.05,2.237,3.5192
688322.SH,2026-04-17,83.0,85.51,82.87,84.74,83.54,1.2,1.4364,67978.32,573778.117,0.93,2.1331,3.3558
688322.SH,2026-04-20,85.98,86.22,83.33,84.16,84.74,-0.58,-0.6844,74471.1,628269.418,1.03,2.3369,3.6763
688322.SH,2026-04-21,83.6,83.8,81.01,82.3,84.16,-1.86,-2.2101,67864.14,557525.897,0.98,2.1296,3.3502
688322.SH,2026-04-22,81.91,83.63,81.7,82.65,82.3,0.35,0.4253,57028.56,470530.061,0.83,1.7895,2.8153
688322.SH,2026-04-23,82.5,82.91,79.21,79.81,82.65,-2.84,-3.4362,74880.8,603678.745,1.11,2.3497,3.6965
688322.SH,2026-04-24,79.21,80.48,76.01,77.18,79.81,-2.63,-3.2953,70650.16,546954.478,1.03,2.217,3.4877
688322.SH,2026-04-27,77.07,80.1,77.07,79.0,77.18,1.82,2.3581,61939.25,489968.788,0.9,1.9436,3.0061
688322.SH,2026-04-28,78.3,78.82,76.25,76.66,79.0,-2.34,-2.962,62445.44,481380.387,0.94,1.9595,3.0307
688322.SH,2026-04-29,76.03,78.57,76.01,78.01,76.66,1.35,1.761,48490.73,376588.346,0.74,1.5216,2.3534
688322.SH,2026-04-30,78.29,80.37,77.54,79.58,78.01,1.57,2.0126,54361.07,431565.113,0.85,1.7058,2.6383
688322.SH,2026-05-06,80.01,84.16,79.6,81.42,79.58,1.84,2.3121,92773.74,759834.572,1.56,2.9112,4.5027
688322.SH,2026-05-07,82.17,87.0,81.4,86.5,81.42,5.08,6.2393,128999.47,1096727.706,2.02,4.048,6.2608
688322.SH,2026-05-08,86.5,90.02,85.45,87.92,86.5,1.42,1.6416,145875.9,1286588.245,1.88,4.5776,7.0799
