ts_code,trade_date,pe,pe_ttm,total_mv,circ_mv
300748.SZ,20260709,55.7171,53.2819,3931434.2194,3229630.5986
300748.SZ,20260708,57.9006,55.37,4085500.221,3356194.149
300748.SZ,20260707,61.7801,59.0799,4359242.4917,3581070.4573
300748.SZ,20260706,63.4957,60.7205,4480294.3501,3680513.2469
300748.SZ,20260703,66.7708,63.8526,4711393.3525,3870358.5725
300748.SZ,20260702,64.3339,61.5222,4539444.69,3729104.61
300748.SZ,20260701,60.3374,57.7003,4257448.8835,3497448.1115
300748.SZ,20260630,60.1425,57.5139,4243692.9905,3486147.7945
300748.SZ,20260629,57.3742,54.8666,4048359.3099,3325683.2931
300748.SZ,20260626,58.6219,56.0597,4136397.0251,3398005.3219
300748.SZ,20260625,63.1252,60.3663,4454158.1534,3659042.6446
300748.SZ,20260624,62.209,59.4901,4389505.4563,3605931.1547
300748.SZ,20260623,63.7491,60.9629,4498177.011,3695203.659
300748.SZ,20260622,67.0438,64.1136,4730651.6027,3886179.0163
300748.SZ,20260618,65.1722,62.3238,4598595.0299,3777695.9731
300748.SZ,20260617,62.9498,60.1985,4441777.8497,3648872.3593
300748.SZ,20260616,64.5874,61.7645,4557327.3509,3743795.0221
300748.SZ,20260615,61.2342,58.5579,4320725.9913,3549429.5697
300748.SZ,20260612,58.8558,56.2835,4152904.0967,3411565.7023
300748.SZ,20260611,57.0038,54.5124,4022223.1044,3304212.6703
300748.SZ,20260610,57.3352,54.8293,4045608.1225,3323423.2091
300748.SZ,20260609,58.6609,56.097,4139148.1947,3400265.3642
300748.SZ,20260608,56.9063,54.4192,4015345.1579,3298562.5119
300748.SZ,20260605,60.6689,58.0173,4280833.8923,3516658.6286
300748.SZ,20260604,60.0645,57.4393,4238190.6241,3481627.6461
300748.SZ,20260603,60.8053,58.1478,4290463.0173,3524568.8505
300748.SZ,20260602,61.0588,58.3901,4308345.6782,3539259.2625
300748.SZ,20260601,59.9865,57.3648,4232688.2669,3477107.5194
300748.SZ,20260529,62.9108,60.1612,4439026.6614,3646612.2733
300748.SZ,20260528,66.2835,63.3865,4677003.6098,3842107.7562
300748.SZ,20260527,64.5289,61.7086,4553200.5731,3740404.9038
300748.SZ,20260526,67.5117,64.561,4763665.7355,3913299.7529
300748.SZ,20260525,68.1355,65.1576,4807684.593,3949460.767
300748.SZ,20260522,66.9463,64.0203,4723773.6459,3880528.8338
300748.SZ,20260521,64.4509,61.634,4547698.2159,3735884.7771
300748.SZ,20260520,65.6986,62.8272,4635735.9309,3808206.8054
300748.SZ,20260519,65.1917,62.3425,4599970.6092,3778825.9814
300748.SZ,20260518,67.0438,64.1136,4730651.5924,3886178.9922
300748.SZ,20260515,69.0713,66.0524,4873712.8793,4003702.2883
300748.SZ,20260514,67.4922,64.5423,4762290.1462,3912169.7212
300748.SZ,20260513,70.046,66.9846,4942492.3441,4060203.8729
300748.SZ,20260512,69.6561,66.6117,4914980.5582,4037603.2391
300748.SZ,20260511,72.5414,69.3709,5118567.7741,4204847.9297
300748.SZ,20260508,67.5701,64.6169,4767792.5034,3916689.8479
300748.SZ,20260507,67.7261,64.7661,4778797.2178,3925730.1015
300748.SZ,20260506,67.8431,64.8779,4787050.7536,3932510.2916
300748.SZ,20260430,64.256,61.4476,4533942.3229,3724584.4601
300748.SZ,20260429,65.2892,62.4357,4606848.5557,3784476.1399
300748.SZ,20260428,60.3959,57.7563,4261575.6421,3500838.1849
300748.SZ,20260427,62.3649,59.6392,4400510.1611,3614971.3859
300748.SZ,20260424,62.2285,59.5087,4390881.036,3607061.1641
300748.SZ,20260423,62.8718,60.1239,4436275.4828,3644352.2099
300748.SZ,20260422,65.4842,65.4842,4620604.4486,3795776.4568
300748.SZ,20260421,66.0495,66.0495,4660496.5382,3828547.3759
300748.SZ,20260420,65.6986,65.6986,4635735.9309,3808206.8054
300748.SZ,20260417,64.3339,64.3339,4539444.6801,3729104.5869
300748.SZ,20260416,63.6906,63.6906,4494050.2333,3691813.541
300748.SZ,20260415,62.6184,62.6184,4418392.822,3629661.7979
300748.SZ,20260414,63.8076,63.8076,4502303.7691,3698593.7312
300748.SZ,20260413,64.022,64.022,4517435.2513,3711024.0798
300748.SZ,20260410,63.7101,63.7101,4495425.8226,3692943.5727
300748.SZ,20260409,63.7491,63.7491,4498177.0012,3695203.6361
300748.SZ,20260408,63.3007,63.3007,4466538.4474,3669212.9072
300748.SZ,20260407,60.5909,60.5909,4275331.5351,3512138.5018
300748.SZ,20260403,59.3237,59.3237,4185918.2308,3438686.4418
300748.SZ,20260402,59.7136,59.7136,4213430.0167,3461287.0757
300748.SZ,20260401,61.6046,61.6046,4346862.1785,3570900.1499
300748.SZ,20260331,59.8306,59.8306,4221683.5525,3468067.2658
300748.SZ,20260330,60.5324,60.5324,4271204.7672,3508748.4068
300748.SZ,20260327,60.7858,60.7858,4289087.428,3523438.8188
300748.SZ,20260326,59.4602,59.4602,4195547.3559,3446596.6637
300748.SZ,20260325,145.7153,69.5672,4240941.8027,3485869.092
300748.SZ,20260324,142.4068,67.9876,4144650.5519,3406721.8858
300748.SZ,20260323,138.7202,66.2276,4037354.5867,3318529.2848
300748.SZ,20260320,145.2899,69.3641,4228561.499,3475693.0226
300748.SZ,20260319,148.173,70.7405,4312472.4461,3544664.1594
300748.SZ,20260318,155.1681,74.0801,4516059.6621,3712003.9666
300748.SZ,20260317,154.081,73.5611,4484421.1082,3685998.456
300748.SZ,20260316,157.9094,75.3889,4595843.8413,3777583.0802
300748.SZ,20260313,160.2726,76.5171,4664623.3061,3834116.7988
300748.SZ,20260312,164.8573,78.7059,4798055.4679,3943792.213
300748.SZ,20260311,166.7006,79.5859,4851703.4505,3987888.5136
300748.SZ,20260310,169.3001,80.827,4927360.8619,4050075.6041
300748.SZ,20260309,166.0861,79.2926,4833820.7897,3973189.7467
300748.SZ,20260306,170.009,81.1655,4947994.7013,4067035.7197
300748.SZ,20260305,172.4195,82.3163,5018149.7555,4124700.1127
300748.SZ,20260304,175.2554,83.6702,5100685.1133,4192540.5751
300748.SZ,20260303,175.019,83.5573,5093807.1668,4186887.2032
300748.SZ,20260302,188.9147,90.1914,5498230.4201,4519305.4689
300748.SZ,20260227,194.161,92.6961,5650920.8321,4644810.3243
300748.SZ,20260226,185.748,88.6795,5406065.9372,4443550.2859
300748.SZ,20260225,190.8998,91.1391,5556005.1706,4566793.7925
300748.SZ,20260224,177.4295,84.7081,5163962.2209,4244551.5962
300748.SZ,20260213,176.2006,84.1214,5128196.8992,4215154.0625
300748.SZ,20260212,181.636,86.7164,5286389.6684,4345181.6154
300748.SZ,20260211,178.4693,85.2046,5194225.1855,4269426.4324
300748.SZ,20260210,173.4121,82.7901,5047037.1307,4148444.2745
300748.SZ,20260209,173.1757,82.6773,5040159.1842,4142790.9027
300748.SZ,20260206,165.3772,78.9541,4813186.9502,3956229.6311
300748.SZ,20260205,164.0538,78.3223,4774670.4499,3924570.7487
300748.SZ,20260204,171.9469,82.0906,5004393.8625,4113393.369
300748.SZ,20260203,174.7355,83.4219,5085553.631,4180103.157
300748.SZ,20260202,166.3697,79.428,4842074.3254,3979973.793
300748.SZ,20260130,177.9494,84.9563,5179093.7032,4256989.0143
300748.SZ,20260129,194.5391,92.8766,5661925.5465,4653855.7193
300748.SZ,20260128,184.0937,87.8898,5357920.3118,4403976.6828
300748.SZ,20260127,179.8872,85.8815,5235492.8644,4303346.6636
300748.SZ,20260126,183.5266,87.619,5341413.2403,4390408.5904
300748.SZ,20260123,183.7629,87.7318,5348291.1867,4396061.9622
300748.SZ,20260122,178.7056,85.3174,5201103.132,4275079.8043
300748.SZ,20260121,178.233,85.0917,5187347.239,4263773.0606
300748.SZ,20260120,176.7205,84.3697,5143328.3815,4227591.4806
300748.SZ,20260119,180.1708,86.0169,5243746.4002,4310130.7099
300748.SZ,20260116,178.7056,85.3174,5201103.132,4275079.8043
300748.SZ,20260115,173.5066,82.8353,5049788.3093,4150705.6233
300748.SZ,20260114,173.2703,82.7224,5042910.3628,4145052.2514
300748.SZ,20260113,175.5389,83.8055,5108938.6491,4199324.6213
300748.SZ,20260112,181.8723,86.8292,5293267.6149,4350834.9873
300748.SZ,20260109,178.6584,85.2948,5199727.5427,4273949.1299
300748.SZ,20260108,167.7876,80.1049,4883342.0044,4013894.0242
300748.SZ,20260107,172.5613,82.384,5022276.5233,4128092.1358
300748.SZ,20260106,167.8349,80.1275,4884717.5936,4015024.6985
300748.SZ,20260105,164.0065,78.2997,4773294.8606,3923440.0743
300748.SZ,20251231,161.2179,76.9684,4692135.0921,3856730.2863
300748.SZ,20251230,162.5886,77.6228,4732027.1817,3889519.8431
300748.SZ,20251229,162.305,77.4874,4723773.6459,3882735.7969
300748.SZ,20251226,162.8249,77.7356,4738905.1282,3895173.215
300748.SZ,20251225,164.0065,78.2997,4773294.8606,3923440.0743
300748.SZ,20251224,159.8473,76.314,4652243.0025,3823940.7295
300748.SZ,20251223,159.1383,75.9756,4631609.163,3806980.6139
300748.SZ,20251222,159.8,76.2915,4650867.4132,3822810.0551
300748.SZ,20251219,157.5313,75.2084,4584839.1269,3768537.6852
300748.SZ,20251218,152.6631,72.8842,4443153.4293,3652078.2248
300748.SZ,20251217,156.2079,74.5766,4546322.6266,3736878.8028
300748.SZ,20251216,154.081,73.5611,4484421.1082,3685998.456
300748.SZ,20251215,162.6358,77.6454,4733402.771,3890650.5175
300748.SZ,20251212,165.6135,79.0669,4820064.8967,3961883.003
300748.SZ,20251211,163.3448,77.9838,4754036.6104,3907610.6331
300748.SZ,20251210,164.6209,78.5931,4791177.5215,3938138.8412
300748.SZ,20251209,165.1408,78.8413,4806309.0037,3950576.2593
300748.SZ,20251208,172.0414,82.1357,5007145.0411,4115654.7177
300748.SZ,20251205,172.2305,82.226,5012647.3983,4120177.4152
300748.SZ,20251204,159.3746,76.0884,4638487.1095,3812633.9858
300748.SZ,20251203,161.9269,77.3069,4712768.9315,3873690.4019
300748.SZ,20251202,160.0363,76.4043,4657745.3596,3828463.427
300748.SZ,20251201,164.4791,78.5254,4787050.7536,3934746.818
300748.SZ,20251128,159.6582,76.2238,4646740.6453,3819418.032
300748.SZ,20251127,157.2477,75.073,4576585.5911,3761753.639
300748.SZ,20251126,157.8149,75.3438,4593092.6627,3775321.7314
300748.SZ,20251125,160.5562,76.6525,4672876.8419,3840900.8451
300748.SZ,20251124,159.5164,76.1561,4642613.8774,3816026.0089
300748.SZ,20251121,155.5462,74.2606,4527064.3764,3721049.3615
300748.SZ,20251120,163.0612,77.8484,4745783.0747,3900826.5869
300748.SZ,20251119,166.9369,79.6988,4858581.397,3993541.8854
300748.SZ,20251118,163.1557,77.8936,4748534.2532,3903087.9356
300748.SZ,20251117,165.6607,79.0895,4821440.486,3963013.6774
300748.SZ,20251114,163.0612,77.8484,4745783.0747,3900826.5869
300748.SZ,20251113,166.5588,79.5182,4847576.6826,3984496.4905
300748.SZ,20251112,162.2577,77.4648,4722398.0566,3881605.1225
300748.SZ,20251111,166.1334,79.3152,4835196.379,3974320.4211
300748.SZ,20251110,169.3946,80.8721,4930112.0404,4052336.9528
300748.SZ,20251107,172.8922,82.5419,5031905.6484,4136006.8564
300748.SZ,20251106,172.1359,82.1809,5009896.2197,4117916.0665
300748.SZ,20251105,170.4817,81.3911,4961750.5943,4078342.4634
300748.SZ,20251104,170.7653,81.5265,4970004.1301,4085126.5096
300748.SZ,20251103,172.2777,82.2486,5014022.9876,4121308.0896
300748.SZ,20251031,185.1808,88.4088,5389558.8656,4429982.1934
300748.SZ,20251030,198.8402,94.93,5787104.1725,4756747.0872
300748.SZ,20251029,189.7182,90.575,5521615.4382,4538526.9332
300748.SZ,20251028,184.0809,87.8836,5357545.8816,4426590.1703
300748.SZ,20251027,189.206,90.3304,5506708.7171,4549833.677
300748.SZ,20251024,187.9835,89.7468,5471128.5912,4520436.1433
300748.SZ,20251023,178.1094,85.0327,5183750.6512,4282994.5249
300748.SZ,20251022,180.9306,86.3796,5265858.6341,4350834.9873
300748.SZ,20251021,187.6544,89.5897,5461549.3266,4512521.4226
300748.SZ,20251020,189.5821,115.8396,5517656.4482,4558879.0719
300748.SZ,20251017,188.0775,114.9202,5473865.524,4522697.492
300748.SZ,20251016,192.1212,117.391,5591553.6328,4619935.4881
300748.SZ,20251015,202.7476,123.884,5900827.0349,4875467.8964
300748.SZ,20251014,201.5251,123.137,5865246.909,4846070.3627
300748.SZ,20251013,220.5209,134.7439,6418107.3269,5302862.8094
300748.SZ,20251010,187.5133,114.5754,5457443.9274,4509129.3995
300748.SZ,20251009,185.6795,113.455,5404073.7386,4465033.099
300748.SZ,20250930,161.2295,98.5153,4692471.2204,3877082.425
300748.SZ,20250929,162.2639,99.1474,4722577.4808,3901957.2612
300748.SZ,20250926,162.9692,99.5784,4743104.4765,3918917.3768
300748.SZ,20250925,166.1665,101.532,4836160.1905,3995803.2342
300748.SZ,20250924,161.5116,98.6877,4700682.0187,3883866.4713
300748.SZ,20250923,160.2421,97.912,4663733.4264,3853338.2632
300748.SZ,20250922,166.1665,101.532,4836160.1905,3995803.2342
300748.SZ,20250919,165.8374,101.3309,4826580.9258,3987888.5136
300748.SZ,20250918,170.3042,104.0602,4956585.232,4095302.579
300748.SZ,20250917,178.2035,108.8869,5186487.584,4285255.8737
300748.SZ,20250916,167.342,102.2502,4870371.85,4024070.0935
300748.SZ,20250915,173.1724,105.8128,5040061.6812,4164273.7158
300748.SZ,20250912,175.7114,107.3642,5113958.8658,4225330.1319
300748.SZ,20250911,169.7703,103.734,4941047.0547,4084758.0339
300748.SZ,20250910,161.7085,98.808,4706412.4959,3890785.9085
300748.SZ,20250909,162.6514,99.3842,4733855.1344,3913472.7068
300748.SZ,20250908,172.4105,105.3472,5017886.4424,4148281.0692
300748.SZ,20250905,172.0804,105.1456,5008281.519,4140340.6898
300748.SZ,20250904,167.3659,102.2649,4871068.3267,4026906.6983
300748.SZ,20250903,176.7007,107.9687,5142750.4474,4251506.0014
300748.SZ,20250902,178.6808,109.1786,5200379.9882,4299148.2779
300748.SZ,20250901,186.9312,114.2198,5440503.0747,4497657.763
300748.SZ,20250829,193.2958,118.1087,5625740.8843,4650793.6515
300748.SZ,20250828,200.7919,122.689,5843909.8601,4831153.698
300748.SZ,20250827,188.0156,114.8823,5472062.1089,4523747.581
300748.SZ,20250826,176.3235,107.7382,5131773.392,4242431.2821
300748.SZ,20250825,171.4204,104.7423,4989071.672,4124459.9309
300748.SZ,20250822,142.8503,87.2852,4157559.7267,3437049.9425
300748.SZ,20250821,139.4087,85.1823,4057394.0963,3354243.1287
300748.SZ,20250820,138.843,84.8366,4040928.5132,3340631.0497
300748.SZ,20250819,135.9671,113.1038,3957228.4659,3271436.3149
300748.SZ,20250818,138.2301,114.9863,4023090.7982,3325884.6308
300748.SZ,20250815,132.8084,110.4763,3865295.6271,3195435.5406
300748.SZ,20250814,129.9797,108.1232,3782967.7117,3127375.1457
300748.SZ,20250813,131.4883,109.3782,3826875.9332,3163674.0229
300748.SZ,20250812,128.7067,107.0643,3745920.1498,3096747.968
300748.SZ,20250811,132.7612,110.437,3863923.4952,3194301.2006
300748.SZ,20250808,132.7612,110.437,3863923.4952,3194301.2006
300748.SZ,20250807,137.3815,114.2804,3998392.4236,3305466.5123
300748.SZ,20250806,131.394,109.2997,3824131.6694,3161405.3431
300748.SZ,20250805,127.7638,106.28,3718477.5113,3074061.1697
300748.SZ,20250804,127.3395,105.927,3706128.324,3063852.1104
300748.SZ,20250801,125.878,104.7113,3663592.2344,3028687.5731
300748.SZ,20250731,128.9896,107.2996,3754152.9413,3103554.0074
300748.SZ,20250730,128.8482,107.182,3750036.5456,3100150.9877
300748.SZ,20250729,132.6198,110.3194,3859807.0994,3190898.1809
300748.SZ,20250728,134.5999,111.9665,3917436.6402,3238540.4573
300748.SZ,20250725,135.3071,112.5548,3938018.619,3255555.5561
300748.SZ,20250724,137.1929,114.1235,3992903.8959,3300929.1527
300748.SZ,20250723,124.7937,103.8093,3632033.2002,3002597.755
300748.SZ,20250722,125.5952,104.476,3655359.4429,3021881.5336
300748.SZ,20250721,126.0195,104.8289,3667708.6302,3032090.5928
300748.SZ,20250718,126.0195,104.8289,3667708.6302,3032090.5928
300748.SZ,20250717,121.2106,100.8287,3527751.174,2916387.9215
300748.SZ,20250716,123.615,102.8288,3597729.9021,2974239.2571
300748.SZ,20250715,121.6349,101.1817,3540100.3613,2926596.9807
300748.SZ,20250714,122.5779,101.966,3567542.9998,2949283.779
300748.SZ,20250711,122.3421,101.7699,3560682.3402,2943612.0794
300748.SZ,20250710,113.2431,94.2009,3295860.879,2724684.4758
300748.SZ,20250709,108.3871,90.1615,3154531.291,2607847.4646
300748.SZ,20250708,111.8759,93.0636,3256069.0533,2691788.6183
300748.SZ,20250707,107.9157,89.7693,3140809.9717,2596504.0654
300748.SZ,20250704,106.5484,88.632,3101018.146,2563608.2079
300748.SZ,20250703,109.3772,90.9851,3183346.0614,2631668.6028
300748.SZ,20250702,110.2258,91.691,3208044.436,2652086.7213
300748.SZ,20250701,110.8387,92.2008,3225882.151,2666833.1402
300748.SZ,20250630,112.3945,93.495,3271162.5044,2704266.3574
300748.SZ,20250627,107.067,89.0634,3116111.5971,2576085.947
300748.SZ,20250626,104.6155,87.0241,3044760.7371,2517100.2714
300748.SZ,20250625,106.8785,88.9065,3110623.0694,2571548.5873
300748.SZ,20250624,106.5484,88.632,3101018.146,2563608.2079
300748.SZ,20250623,105.5584,87.8084,3072203.3756,2539787.0697
300748.SZ,20250620,104.7569,87.1417,3048877.1329,2520503.2911
300748.SZ,20250619,105.6055,87.8476,3073575.5075,2540921.4096
300748.SZ,20250618,109.1414,90.789,3176485.4017,2625996.9032
300748.SZ,20250617,111.5458,92.7891,3246464.1298,2683848.2389
300748.SZ,20250616,114.4689,95.2206,3331536.309,2754177.3136
300748.SZ,20250613,112.2059,93.3381,3265673.9767,2699728.9977
300748.SZ,20250612,114.516,95.2598,3332908.441,2755311.6535
300748.SZ,20250611,113.4788,94.397,3302721.5387,2730356.1754
300748.SZ,20250610,105.1812,87.4947,3061226.3202,2530712.3504
300748.SZ,20250609,103.1068,85.7691,3000852.5156,2480801.3941
300748.SZ,20250606,101.4567,84.3965,2952827.8983,2441099.4971
300748.SZ,20250605,104.144,86.6319,3031039.4179,2505756.8722
300748.SZ,20250604,99.2881,82.5925,2889709.8298,2388919.861
300748.SZ,20250603,95.7993,79.6904,2788172.0675,2304978.7073
300748.SZ,20250530,93.6778,77.9256,2726426.131,2253933.4111
300748.SZ,20250529,94.9507,78.9844,2763473.6929,2284560.5888
300748.SZ,20250528,92.9706,77.3373,2705844.1522,2236918.3124
300748.SZ,20250527,93.3949,77.6903,2718193.3395,2247127.3716
300748.SZ,20250526,95.3279,79.2982,2774450.7483,2293635.3081
300748.SZ,20250523,94.715,78.7884,2756613.0333,2278888.8892
300748.SZ,20250522,95.0921,79.1021,2767590.0887,2287963.6086
300748.SZ,20250521,96.5536,80.3178,2810126.1783,2323128.1459
300748.SZ,20250520,98.0151,81.5336,2852662.2679,2358292.6833
300748.SZ,20250519,97.7794,81.3375,2845801.6083,2352620.9837
300748.SZ,20250516,102.1168,84.9455,2972037.7452,2456980.2559
300748.SZ,20250515,100.4667,83.5729,2924013.1279,2417278.3589
300748.SZ,20250514,102.0696,84.9063,2970665.6133,2455845.916
300748.SZ,20250513,99.2881,82.5925,2889709.8298,2388919.861
300748.SZ,20250512,102.3525,85.1416,2978898.4048,2462651.9555
300748.SZ,20250509,100.2781,83.416,2918524.6002,2412740.9992
300748.SZ,20250508,101.5982,84.5141,2956944.2941,2444502.5168
300748.SZ,20250507,101.7868,84.671,2962432.8218,2449039.8765
300748.SZ,20250506,103.9554,86.475,3025550.8902,2501219.5126
300748.SZ,20250430,96.5065,80.2786,2808754.0464,2321993.806
300748.SZ,20250429,95.6107,79.5335,2782683.5398,2300441.3476
300748.SZ,20250428,95.705,79.6119,2785427.8037,2302710.0275
300748.SZ,20250425,96.4122,96.4122,2806009.7825,2319725.1262
300748.SZ,20250424,97.8266,97.8266,2847173.7402,2353755.3236
300748.SZ,20250423,101.1739,101.1739,2944595.1068,2434293.4576
300748.SZ,20250422,91.6505,91.6505,2667424.4583,2205156.7948
300748.SZ,20250421,93.6306,93.6306,2725053.9991,2252799.0712
300748.SZ,20250418,90.8019,90.8019,2642726.0837,2184738.6763
300748.SZ,20250417,94.6207,94.6207,2753868.7695,2276620.2094
300748.SZ,20250416,98.958,98.958,2880104.9064,2380979.4816
300748.SZ,20250415,98.298,98.298,2860895.0595,2365098.7228
300748.SZ,20250414,102.0225,102.0225,2969293.4814,2454711.5761
300748.SZ,20250411,100.3724,100.3724,2921268.8641,2415009.679
300748.SZ,20250410,100.3724,100.3724,2921268.8641,2415009.679
300748.SZ,20250409,100.0424,100.0424,2911663.9406,2407069.2996
300748.SZ,20250408,99.8538,99.8538,2906175.4129,2402531.94
300748.SZ,20250407,90.9433,90.9433,2646842.4795,2188141.696
300748.SZ,20250403,98.1566,98.1566,2856778.6637,2361695.703
300748.SZ,20250402,93.3006,93.3006,2715449.0756,2244858.6918
300748.SZ,20250401,92.8763,92.8763,2703099.8883,2234649.6326
300748.SZ,20250331,91.9334,91.9334,2675657.2499,2211962.8343
300748.SZ,20250328,49.0245,103.7686,2763473.6929,2283478.6277
300748.SZ,20250327,48.9758,103.6656,2760729.4291,2281211.0223
300748.SZ,20250326,50.3876,106.654,2840313.0806,2346971.5787
300748.SZ,20250325,48.4403,102.5321,2730542.5268,2256267.3631
300748.SZ,20250324,48.4646,102.5836,2731914.6587,2257401.1657
300748.SZ,20250321,48.3916,102.429,2727798.2629,2253999.7577
300748.SZ,20250320,50.3146,106.4994,2836196.6848,2343570.1706
300748.SZ,20250319,51.2883,108.5603,2891081.9618,2388922.2784
300748.SZ,20250318,51.0692,108.0966,2878732.7745,2378718.0541
300748.SZ,20250317,51.0448,108.0451,2877360.6425,2377584.2514
300748.SZ,20250314,51.5317,109.0756,2904803.281,2400260.3053
300748.SZ,20250313,51.3126,108.6119,2892454.0937,2390056.0811
300748.SZ,20250312,53.1626,112.5276,2996736.1198,2476225.0859
300748.SZ,20250311,54.8665,116.1343,3092785.3544,2555591.2745
300748.SZ,20250310,54.2823,114.8977,3059854.1883,2528380.0099
300748.SZ,20250307,53.1139,112.4246,2993991.856,2473957.4805
300748.SZ,20250306,52.9435,112.0639,2984386.9325,2466020.8616
300748.SZ,20250305,52.5053,111.1365,2959688.5579,2445612.4131
300748.SZ,20250304,52.6757,111.4972,2969293.4814,2453549.032
300748.SZ,20250303,51.9698,110.003,2929501.6556,2420668.7538
300748.SZ,20250228,50.9475,107.839,2871872.1148,2373049.0406
300748.SZ,20250227,53.4547,113.1459,3013201.7029,2489830.7182
300748.SZ,20250226,54.2093,114.7432,3055737.7925,2524978.6018
300748.SZ,20250225,54.5744,115.516,3076319.7714,2541985.6422
300748.SZ,20250224,56.1566,118.8651,3165508.3464,2615682.8174
300748.SZ,20250221,54.9882,116.3919,3099646.0141,2561260.288
300748.SZ,20250220,55.2316,116.9072,3113367.3333,2572598.315
300748.SZ,20250219,55.1343,116.7011,3107878.8056,2568063.1042
300748.SZ,20250218,48.1725,101.9653,2715449.0756,2243795.5334
300748.SZ,20250217,49.3652,104.49,2782683.5398,2299351.8655
300748.SZ,20250214,48.5376,102.7382,2736031.0545,2260802.5738
300748.SZ,20250213,49.0245,103.7686,2763473.6929,2283478.6277
300748.SZ,20250212,50.9231,107.7875,2870499.9829,2371915.2379
300748.SZ,20250211,50.6067,107.1177,2852662.2679,2357175.8029
300748.SZ,20250210,51.5073,109.024,2903431.1491,2399126.5026
300748.SZ,20250207,51.6777,109.3847,2913036.0725,2407063.1215
300748.SZ,20250206,52.4323,110.9819,2955572.1621,2442211.005
300748.SZ,20250205,50.0955,106.0357,2823847.4975,2333365.9463
300748.SZ,20250127,48.1725,101.9653,2715449.0756,2243795.5334
300748.SZ,20250124,51.5317,109.0756,2904803.281,2400260.3053
300748.SZ,20250123,49.0488,103.8202,2764845.8248,2284612.4304
300748.SZ,20250122,48.7567,103.2019,2748380.2418,2271006.7981
300748.SZ,20250121,46.6876,98.8224,2631749.0283,2174633.569
300748.SZ,20250120,47.8561,101.2955,2697611.3606,2229056.0984
300748.SZ,20250117,48.5376,102.7382,2736031.0545,2260802.5738
300748.SZ,20250116,49.0731,103.8717,2766217.9568,2285746.2331
300748.SZ,20250115,50.1442,106.1387,2826591.7614,2335633.5517
300748.SZ,20250114,50.0955,106.0357,2823847.4975,2333365.9463
300748.SZ,20250113,48.635,102.9443,2741519.5822,2265337.7846
300748.SZ,20250110,45.8844,97.1221,2586468.6749,2137218.0801
300748.SZ,20250109,45.2515,95.7825,2550793.2449,2107739.21
300748.SZ,20250108,43.6936,92.4849,2462976.8018,2035175.8375
300748.SZ,20250107,44.789,94.8035,2524722.7383,2086196.9588
300748.SZ,20250106,43.3285,91.7121,2442394.8229,2018168.7971
300748.SZ,20250103,42.087,89.0844,2372416.0949,1960344.8597
300748.SZ,20250102,42.1601,89.239,2376532.4906,1963746.2677
300748.SZ,20241231,42.6701,90.3186,2405283.2607,2027239.2187
300748.SZ,20241230,43.9827,93.0968,2479271.2805,2089598.3669
300748.SZ,20241227,45.152,95.572,2545187.8799,2145154.6989
300748.SZ,20241226,45.5339,96.3802,2566711.6675,2163295.5421
300748.SZ,20241225,42.9088,90.8237,2418735.628,2038577.2456
300748.SZ,20241224,44.4361,94.0566,2504830.7782,2111140.6181
300748.SZ,20241223,44.5793,94.3597,2512902.1986,2117943.4343
300748.SZ,20241220,46.5601,98.5523,2624556.8466,2212049.0579
300748.SZ,20241219,45.7009,96.7338,2576128.3245,2171232.1609
300748.SZ,20241218,45.9873,97.34,2592271.1652,2184837.7933
300748.SZ,20241217,46.393,98.1987,2615140.1895,2204112.4391
300748.SZ,20241216,46.4407,98.2997,2617830.663,2206380.0445
300748.SZ,20241213,47.276,100.0677,2664913.9483,2246063.1388
300748.SZ,20241212,48.1113,101.8357,2711997.2336,2285746.2331
300748.SZ,20241211,49.2806,104.3109,2777913.833,2341302.5652
300748.SZ,20241210,49.2806,104.3109,2777913.833,2341302.5652
300748.SZ,20241209,49.6386,105.0686,2798092.3838,2358309.6056
300748.SZ,20241206,50.2352,106.3314,2831723.3019,2386654.673
300748.SZ,20241205,51.0943,108.1499,2880151.8239,2427471.57
300748.SZ,20241204,52.741,111.6353,2972973.1578,2505703.956
300748.SZ,20241203,51.8342,109.7158,2921854.1624,2462619.4535
300748.SZ,20241202,49.2806,104.3109,2777913.833,2341302.5652
300748.SZ,20241129,47.3953,100.3203,2671640.1319,2251732.1523
300748.SZ,20241128,46.393,98.1987,2615140.1895,2204112.4391
300748.SZ,20241127,47.4908,100.5223,2677021.0788,2256267.3631
300748.SZ,20241126,46.2498,97.8956,2607068.7692,2197309.6229
300748.SZ,20241125,49.4954,104.7655,2790020.9635,2351506.7894
300748.SZ,20241122,50.3307,106.5335,2837104.2488,2391189.8838
300748.SZ,20241121,46.393,98.1987,2615140.1895,2204112.4391
300748.SZ,20241120,47.0373,99.5626,2651461.581,2234725.1118
300748.SZ,20241119,46.5123,98.4513,2621866.3731,2209781.4526
300748.SZ,20241118,44.3168,93.804,2498104.5946,2105471.6046
300748.SZ,20241115,46.918,99.31,2644735.3974,2229056.0984
300748.SZ,20241114,49.3284,104.4119,2780604.3064,2343570.1706
300748.SZ,20241113,53.2422,112.6961,3001223.129,2529513.8125
300748.SZ,20241112,52.5501,111.2312,2962211.264,2496633.5344
300748.SZ,20241111,53.8388,113.959,3034854.0471,2557858.8799
300748.SZ,20241108,52.5501,111.2312,2962211.264,2496633.5344
300748.SZ,20241107,56.2014,118.9598,3168032.4827,2670105.3467
300748.SZ,20241106,58.6833,124.2133,3307937.1019,2788020.827
300748.SZ,20241105,55.5093,117.4949,3129020.6177,2637225.0686
300748.SZ,20241104,49.9966,105.8263,2818270.9347,2375316.646
300748.SZ,20241101,49.3045,104.3614,2779259.0697,2342436.3679
300748.SZ,20241031,41.095,86.9846,2316497.637,1952408.2408
300748.SZ,20241030,41.8826,88.6516,2360890.4489,1989823.7297
300748.SZ,20241029,41.8587,88.6011,2359545.2121,1988689.927
300748.SZ,20241028,42.8372,90.6721,2414699.9178,2035175.8375
300748.SZ,20241025,39.8541,84.3579,2246545.3274,1893450.5007
300748.SZ,20241024,36.9664,59.406,2083771.6839,1756260.3746
300748.SZ,20241023,37.6585,60.5182,2122783.5489,1789140.6527
300748.SZ,20241022,36.9426,59.3677,2082426.4472,1755126.5719
300748.SZ,20241021,35.1766,56.5297,1982878.9297,1671225.1724
300748.SZ,20241018,32.9094,52.8863,1855081.441,1563513.9164
300748.SZ,20241017,31.1673,50.0867,1756879.1602,1480746.3197
300748.SZ,20241016,31.4776,50.5852,1774367.2376,1495485.7547
300748.SZ,20241015,31.5969,50.777,1781093.4213,1501154.7682
300748.SZ,20241014,32.6231,52.4261,1838938.6003,1549908.2841
300748.SZ,20241011,31.6207,50.8153,1782438.658,1502288.5709
300748.SZ,20241010,33.4345,53.73,1884676.6489,1588457.5757
300748.SZ,20241009,33.6254,54.0368,1895438.5427,1597527.9973
300748.SZ,20241008,39.3529,63.2411,2218295.3562,1869640.6441
300748.SZ,20240930,34.4606,55.3791,1942521.828,1637211.0916
300748.SZ,20240927,29.5684,47.5171,1666748.2998,1404781.5391
300748.SZ,20240926,26.9433,43.2985,1518772.2603,1280063.2427
300748.SZ,20240925,25.7739,41.4193,1452855.6608,1224506.9106
300748.SZ,20240924,25.5352,41.0358,1439403.2936,1213168.8837
300748.SZ,20240923,24.4375,39.2716,1377522.4044,1161013.9597
300748.SZ,20240920,24.5807,39.5017,1385593.8247,1167816.7759
300748.SZ,20240919,24.9625,40.1154,1407117.6123,1185957.619
300748.SZ,20240918,24.175,38.8498,1362724.8004,1148542.13
300748.SZ,20240913,24.2704,39.0032,1368105.7473,1153077.3408
300748.SZ,20240912,24.9386,40.077,1405772.3755,1184823.8163
300748.SZ,20240911,25.2011,40.4989,1420569.9795,1197295.6459
300748.SZ,20240910,24.8909,40.0003,1403081.9021,1182556.2109
300748.SZ,20240909,24.7477,39.7702,1395010.4818,1175753.3947
300748.SZ,20240906,24.7238,39.7318,1393665.245,1174619.592
300748.SZ,20240905,25.5114,40.9974,1438058.0569,1212035.081
300748.SZ,20240904,25.4636,40.9207,1435367.5834,1209767.4756
300748.SZ,20240903,25.5114,40.9974,1438058.0569,1212035.081
300748.SZ,20240902,24.9864,40.1537,1408462.849,1187091.4217
300748.SZ,20240830,25.6307,41.1892,1444784.2405,1217704.0944
300748.SZ,20240829,25.225,40.5372,1421915.2162,1198429.4486
300748.SZ,20240828,24.7,28.5791,1392320.0083,1173624.795
300748.SZ,20240827,24.2465,28.0544,1366760.5106,1152079.992
300748.SZ,20240826,24.867,28.7724,1401736.6654,1181562.354
300748.SZ,20240823,24.7954,28.6895,1397700.9552,1178160.543
300748.SZ,20240822,25.2966,29.2694,1425950.9264,1201973.22
300748.SZ,20240821,25.9648,30.0425,1463617.5546,1233723.456
300748.SZ,20240820,25.7978,29.8493,1454200.8976,1225785.897
300748.SZ,20240819,26.3466,30.4843,1485141.3422,1251866.448
300748.SZ,20240816,26.2989,30.4291,1482450.8687,1249598.574
300748.SZ,20240815,26.8955,31.1194,1516081.7868,1277946.999
300748.SZ,20240814,27.0387,31.2851,1524153.2072,1284750.621
300748.SZ,20240813,27.4683,31.7821,1548367.4682,1305161.487
300748.SZ,20240812,27.349,31.6441,1541641.2846,1299491.802
300748.SZ,20240809,27.4921,31.8097,1549712.7049,1306295.424
300748.SZ,20240808,27.8263,32.1963,1568546.019,1322170.542
300748.SZ,20240807,28.041,32.4448,1580653.1495,1332375.975
300748.SZ,20240806,28.2558,32.6934,1592760.28,1342581.408
300748.SZ,20240805,27.874,32.2516,1571236.4925,1324438.416
300748.SZ,20240802,28.5661,33.0523,1610248.3574,1357322.589
300748.SZ,20240801,28.7331,33.2456,1619665.0145,1365260.148
300748.SZ,20240731,28.7808,33.3008,1622355.4879,1367528.022
300748.SZ,20240730,27.6353,31.9754,1557784.1252,1313099.046
300748.SZ,20240729,27.6831,32.0307,1560474.5987,1315366.92
300748.SZ,20240726,27.9217,32.3068,1573926.9659,1326706.29
300748.SZ,20240725,27.516,31.8374,1551057.9416,1307429.361
300748.SZ,20240724,27.3251,31.6165,1540296.0478,1298357.865
300748.SZ,20240723,27.7785,32.1411,1565855.5456,1319902.668
300748.SZ,20240722,28.6854,33.1904,1616974.541,1362992.274
300748.SZ,20240719,28.8763,33.4113,1627736.4348,1372063.77
300748.SZ,20240718,28.7092,33.218,1618319.7778,1364126.211
300748.SZ,20240717,28.5899,33.0799,1611593.5942,1358456.526
300748.SZ,20240716,28.9479,33.4941,1631772.145,1375465.581
300748.SZ,20240715,28.924,33.4665,1630426.9083,1374331.644
300748.SZ,20240712,29.3775,33.9911,1655986.406,1395876.447
300748.SZ,20240711,29.9263,34.6262,1686926.8506,1421956.998
300748.SZ,20240710,29.1627,33.7426,1643879.2755,1385671.014
300748.SZ,20240709,29.0911,33.6598,1639843.5653,1382269.203
