ts_code,name,industry,list_date,days_listed,n_days_data,close,ret_20d,ret_60d,ret_120d,above_ma60,dd_now,max_dd,ann_ret,vol_ann,rel_ret_20d,rel_ret_60d,rel_ret_120d,idx_ret_60d,pe_ttm,pb,pe_quantile,total_mv_yi,amount_mean_wan,turnover_mean,holder_latest,holder_change_4q,holder_n_quarters,attention_ratio,roe_ttm,netprofit_yoy_q,netprofit_yoy_mean_4q,or_yoy_mean_4q,gp_margin,np_margin,debt_ratio,n_positive_quarters,weight_idx,pass,reject_reason,s_quality,s_growth,s_value,s_momentum,s_attention,s_liquidity,total_score,sort_key,perilla_tag
920037.BJ,广信科技,电气设备,20250626,421,283,41.4,0.12469437652811721,-0.12492073557387451,-0.5088967971530249,True,-0.6278986158547547,-0.6750853855833185,-0.2707939050305622,0.6112152440047798,0.08238014994398446,0.03866627112357013,-0.2084953483253248,-0.16358700669744464,25.0855,5.8425,0.10954063604240283,53.01190139,156.64384514770316,6.472876678445229,6679.0,58.10619469026549,8,0.5864882779861418,29.0179,30.8453,71.26145,37.52115,38.9482,24.8981,18.314,4,1.804,True,,0.9299999999999999,0.9,0.9,0.42000000000000004,0.0,0.3,0.7410000000000001,0.7410000000000001,B 中高 moat
920106.BJ,林泰新材,汽车配件,20241218,611,407,35.69,0.07792207792207795,-0.23820704375667034,-0.5389484562717994,False,-0.7626994680851069,-0.7798537234042557,-0.3192317721791945,0.6744133418718116,0.035607851337945196,-0.07462003705922571,-0.2385470074440993,-0.16358700669744464,16.0287,3.3335,0.029484029484029485,20.19822015,88.77421863567568,5.467512039312039,4910.0,0.3082867039701571,10,0.8712189088813698,27.6947,-39.5784,83.41085000000001,36.336875,49.7435,30.9964,15.7256,3,0.903,True,,0.9299999999999999,0.52,1.0,0.06999999999999999,0.13,0.3,0.644,0.644,B 中高 moat
920735.BJ,德源药业,化学制药,20210219,2009,881,24.5,0.10211426000899682,-0.03657097915847418,-0.31005350605463244,False,-0.5891329867516348,-0.627201073285259,0.08689571316204647,0.5318080796513761,0.05980003342486406,0.12701602753897046,-0.009652057226932298,-0.16358700669744464,12.8523,2.4034,0.12372304199772985,31.61665931,58.73086621779797,1.875751645856981,8528.0,0.3893776474421635,14,0.8207967758042659,19.6391,19.5305,28.298775000000003,20.073150000000002,83.0024,18.8705,20.4381,4,1.569,True,,0.8500000000000001,0.52,1.0,0.29,0.13,0.1,0.632,0.632,A 高 moat
920946.BJ,森萱医药,化学制药,20200727,2216,881,10.19,0.15141242937853105,0.08635394456289958,-0.06684981684981683,True,-0.27421652421652287,-0.48970840480274425,0.026746889393813422,0.5256455282872835,0.1090982027943983,0.2499409512603442,0.2335516319778833,-0.16358700669744464,29.0992,3.3108,0.5073779795686719,43.502978850000005,45.84576667338252,1.0138803632236095,10377.0,-0.0798084596967279,14,1.4499216196461162,10.7045,62.0487,19.8036,8.07245,51.7321,31.2705,6.5063,3,1.016,True,,0.8300000000000001,0.47,0.6000000000000001,0.77,0.6,0.1,0.6285000000000002,0.6285000000000002,A 高 moat
920111.BJ,聚星科技,电气设备,20241111,648,434,29.15,0.1971252566735111,-0.0214837193689158,0.17209489344591877,False,-0.2941888619854701,-0.45883777239709267,0.11973110503314333,0.675428771035842,0.15481103008937835,0.14210328732852884,0.4724963422736189,-0.16358700669744464,18.116,4.1039,0.0,45.22753675,110.1607281165438,7.830932718894008,7069.0,-0.10109359104781279,15,0.5546656662891317,13.4864,239.9803,131.449675,76.78707500000002,22.7613,13.7361,53.8348,3,1.389,True,,0.3,0.8200000000000001,1.0,0.5700000000000001,0.55,0.3,0.6220000000000001,0.6220000000000001,C 低 moat
920509.BJ,同惠电子,电器仪表,20210111,2048,881,20.0,0.08873162765378328,-0.37714107754593584,-0.4596055120237773,False,-0.5813271927988278,-0.615658362989324,0.11359973553332292,0.7518353682465037,0.04641740106965053,-0.2135540708484912,-0.15920406319607716,-0.16358700669744464,44.4745,9.0445,0.5017026106696936,32.0611392,81.81110599186152,3.7945887627695796,7965.0,-0.054823780704877145,15,0.8758279388267932,19.4341,10.451,30.518499999999996,15.474850000000002,57.8495,28.3312,11.176,4,1.048,True,,0.9299999999999999,0.62,0.55,0.0,0.53,0.2,0.607,0.607,A 高 moat
920208.BJ,青矩技术,建筑工程,20230629,1149,765,12.24,0.04081632653061229,-0.4204545454545455,-0.5127388535031847,False,-0.7465313729550633,-0.7564713191136883,-0.2761991102090604,0.6418955464037359,-0.0014979000535204623,-0.2568675387571009,-0.21233740467548456,-0.16358700669744464,11.5311,2.1774,0.1411764705882353,22.796072820000003,41.339120115307196,2.4237623529411763,5349.0,-0.0020522388059701635,15,0.9486621229819204,18.3252,13.652,9.54745,1.168425,46.9704,19.0812,25.3283,4,1.428,True,,0.78,0.35000000000000003,1.0,0.0,0.43,0.2,0.5745000000000001,0.5745000000000001,B 中高 moat
920982.BJ,锦波生物,医疗保健,20230720,1128,750,121.65,0.01586638830897713,-0.21149857402126004,-0.4310635113646992,False,-0.7893506493506492,-0.805108225108225,-0.014317530808808598,0.5741728631071519,-0.026447838275155622,-0.04791156732381541,-0.13066206253699908,-0.16358700669744464,22.4303,6.8761,0.009333333333333334,139.97698611,170.35305116488,1.6010490666666668,11215.0,1.3989304812834225,13,1.0347623775719001,38.0198,-16.659,2.083874999999999,21.632900000000003,84.8199,37.5518,24.9085,2,5.264,True,,1.0,0.22,0.9,0.0,0.13,0.1,0.553,0.553,A 高 moat
920571.BJ,国航远洋,水运,20221215,1345,881,9.6,0.2075471698113207,-0.019407558733401387,-0.0010405827263266776,True,-0.40850277264325363,-0.5268022181146027,0.2512739267629167,0.7017899719044135,0.16523294322718796,0.14417944796404325,0.29936086610137347,-0.16358700669744464,30.245,3.9187,0.29955947136563876,53.319115489999994,160.01963998855845,7.0537483541430195,14955.0,-0.37505223568742163,15,0.9669966630103255,2.0435,603.8063,204.0075,18.794175,36.127,19.3123,72.0889,3,1.576,True,,0.15,0.74,0.75,0.6900000000000001,0.8300000000000001,0.3,0.547,0.547,B 中高 moat
920116.BJ,星图测控,软件服务,20250102,596,397,45.24,0.040000000000000036,-0.2960946009024428,-0.565,False,-0.6901369863013697,-0.7036986301369861,0.16626504827742372,0.8931353628605148,-0.002314226584132717,-0.13250759420499814,-0.2645985511722998,-0.16358700669744464,99.6519,16.8333,0.11586901763224182,101.195094,342.1987662922922,10.003589420654912,15056.0,0.34212872169727215,12,0.7093978791129695,18.9778,5.349,13.659750000000003,7.3235,56.2448,32.0502,28.172,4,2.585,True,,0.9299999999999999,0.35000000000000003,0.7,0.0,0.0,0.5,0.5315,0.5315,A 高 moat
920978.BJ,开特股份,汽车配件,20230928,1058,700,19.97,0.1063711911357339,-0.130605137135394,-0.34567496723460034,False,-0.5672806067172256,-0.6088840736728054,0.4081172692004278,0.6632841015469843,0.06405696455160115,0.032981869562050625,-0.04527351840690019,-0.16358700669744464,21.6898,4.3929,0.40714285714285714,35.95168506,87.75493893674286,4.277690571428571,6564.0,0.1301652892561984,13,0.58998818173461,23.7335,-18.4508,21.091425,33.379975,29.2059,12.6389,39.5444,3,1.828,True,,0.6699999999999999,0.52,0.6000000000000001,0.22000000000000003,0.14999999999999997,0.2,0.498,0.498,B 中 moat
920239.BJ,长虹能源,电气设备,20210209,2019,881,21.19,0.039744847890088364,-0.20844228614120275,-0.341516469857054,False,-0.6355975924333623,-0.6882352941176471,-0.02703365424615789,0.6402355147471965,-0.0025693786940443886,-0.04485527944375811,-0.041115021029353827,-0.16358700669744464,14.9714,3.3526,0.01675041876046901,38.58152383,79.25733881119183,3.742766969353008,9721.0,-0.10873750802237092,14,0.8752130113986798,24.9781,14.1501,22.016375,22.453325,16.2364,7.4494,73.3724,4,1.427,True,,0.24999999999999997,0.52,1.0,0.0,0.6799999999999999,0.2,0.48300000000000004,0.48300000000000004,C 低 moat
920394.BJ,民士达,造纸,20230425,1214,807,42.87,-0.08358272766139385,-0.051548672566371745,-0.22673160173160178,False,-0.4411419632381701,-0.4915254237288136,0.4973469535170516,0.6867895200390748,-0.1258969542455266,0.11203833413107289,0.07366984709609836,-0.16358700669744464,51.3376,7.4542,0.6815365551425031,62.697375,85.68077641560097,4.925235192069393,5063.0,-0.23864661654135333,15,0.4615874218025583,16.6634,-8.3119,11.84315,6.264325,39.4209,24.5415,25.3508,3,2.199,True,,0.8600000000000001,0.27,0.35000000000000003,0.07,0.44999999999999996,0.2,0.4575,0.4575,B 中高 moat
920599.BJ,同力股份,工程机械,20210222,2006,881,17.0,0.0644959298685035,0.038485033598045115,-0.20262664165103195,True,-0.33333333333333404,-0.3862745098039222,0.2693534004594065,0.4323123499684076,0.022181703284370746,0.20207204029548975,0.0977748071766682,-0.16358700669744464,9.3515,2.0613,0.547105561861521,78.62925,77.62586701354142,1.7026078320090807,12765.0,0.11895161290322576,14,0.6570182872988913,25.0141,0.7849,7.814774999999999,6.29825,20.9986,12.4082,54.6058,4,4.153,True,,0.47,0.35000000000000003,0.7000000000000001,0.5499999999999999,0.14999999999999997,0.1,0.4435,0.4435,C 低 moat
920953.BJ,国子软件,软件服务,20230823,1094,726,21.85,0.1136595310907238,-0.14481409001956946,-0.39906490649064896,False,-0.6532846715328471,-0.6886702634084423,0.06823563149881817,0.8199862287303175,0.07134530450659105,0.018772916677875173,-0.09866345766294882,-0.16358700669744464,45.064,4.551,0.40771349862258954,27.993343819999996,98.53995364877412,10.156001928374655,6491.0,-0.21444995764250274,15,1.4603256907244235,11.6901,-27.4077,-18.5131,12.397025,56.3717,12.2478,11.4377,2,0.869,True,,0.75,0.0,0.55,0.15000000000000002,0.75,0.3,0.44,0.44,A 高 moat
920077.BJ,吉林碳谷,化纤,20210831,1816,881,13.8,0.049429657794676896,-0.15492957746478864,-0.2532467532467533,False,-0.7382893988241979,-0.8699032808647827,-0.29317682958934055,0.624033501844787,0.007115431210544143,0.008657429232656,0.04715469558094687,-0.16358700669744464,39.1577,3.0193,0.3598183881952327,80.90109971,80.57598993214528,1.6921047673098752,15152.0,0.14753105119660703,15,0.5321019242785401,7.0377,36.4009,59.57515000000001,38.561749999999996,15.649,6.9139,61.0849,4,3.525,True,,0.13,0.9,0.7,0.13,0.14999999999999997,0.1,0.43700000000000006,0.43700000000000006,C 价格战赛道
920002.BJ,万达轴承,工程机械,20240530,813,543,52.64,0.1200000000000001,-0.14029070716968806,-0.48009876543209873,False,-0.8272965879265093,-0.8458005249343832,-0.10706509002382603,0.9442823094937981,0.07768577341586735,0.02329629952775658,-0.17969731660439858,-0.16358700669744464,52.2484,4.4136,0.30755064456721914,33.53386719,146.19331986000003,13.03142744014733,7128.0,-0.07114933541829549,13,0.9749771073180596,8.855,4.4378,0.4570000000000001,6.727775,32.5106,17.5947,8.9655,3,1.524,True,,0.5,0.27,0.6499999999999999,0.15000000000000002,0.53,0.3,0.4305,0.4305,B 中 moat
920418.BJ,苏轴股份,汽车配件,20200727,2216,881,17.97,0.05643738977072288,-0.20451527224435595,-0.3566058002148228,False,-0.6251564455569452,-0.6451814768460564,0.18782337814258976,0.6490790618898525,0.014123163186590126,-0.04092826554691131,-0.05620435138712265,-0.16358700669744464,23.4379,3.1711,0.5891032917139614,29.199381119999998,81.67445647942112,3.074416345062429,8880.0,-0.22889892323723515,15,0.735901628750831,17.3332,-31.6658,-11.2532,1.5898750000000001,36.8706,15.2876,15.2909,2,1.57,True,,0.78,0.0,0.6000000000000001,0.0,0.55,0.2,0.419,0.419,B 中高 moat
920879.BJ,基康技术,电器仪表,20221220,1340,881,12.46,0.02214930270713711,-0.23323076923076913,-0.42974828375286045,False,-0.673223183844742,-0.680828743771309,0.24012103978724886,0.5849101066245171,-0.020164923876995644,-0.0696437625333245,-0.1293468349251603,-0.16358700669744464,31.5776,3.8499,0.6163450624290578,25.02825422,33.33564130146425,1.6311269012485814,6495.0,0.5048656163113994,14,0.7129896232961387,13.4432,-17.1362,5.1183000000000005,9.899725,52.6252,21.0774,16.2315,3,0.896,True,,0.8300000000000001,0.27,0.45,0.0,0.0,0.1,0.41150000000000003,0.41150000000000003,A 高 moat
920100.BJ,三协电机,电气设备,20250908,347,231,32.09,0.056287030941408966,-0.2665142857142856,-0.5040951939422036,False,-0.6469746974697469,-0.6657865786578658,-0.605230162865119,0.7537514589629821,0.013972804357276214,-0.10292727901684096,-0.20369374511450344,-0.16358700669744464,55.6028,6.9627,0.030303030303030304,33.159566119999994,145.6351382717749,12.07121948051948,6075.0,318.7368421052632,12,0.6706212967549846,16.2725,-4.4989,9.028200000000002,29.275349999999996,24.5471,10.4154,32.2999,3,0.889,True,,0.5,0.33999999999999997,0.7999999999999999,0.0,0.0,0.3,0.41000000000000003,0.41000000000000003,C 低 moat
920261.BJ,一诺威,化工原料,20230403,1236,822,13.69,0.0612403100775194,-0.0379479971890373,-0.1723095525997581,True,-0.24364640883977962,-0.37572815533980675,0.09077261291256478,0.4747354680756151,0.018926083493386647,0.12563900950840734,0.12809189622794204,-0.16358700669744464,18.6879,2.446,0.40632603406326034,39.856073200000004,32.768350057712894,1.504969708029197,5914.0,-0.15610730593607303,15,0.6685280936351227,11.7244,23.7215,22.860299999999995,20.01195,7.6721,3.0153,52.2448,4,1.337,True,,0.07999999999999999,0.52,0.7000000000000001,0.54,0.55,0.1,0.40800000000000003,0.40800000000000003,C 价格战赛道
920839.BJ,万通液压,工程机械,20201109,2111,881,23.99,0.0466841186736473,-0.14868701206529455,-0.35597315436241617,False,-0.5926994906621383,-0.6108658743633268,0.4278028453358611,0.6313288062867806,0.004369892089514549,0.014899994632150082,-0.05557170553471602,-0.16358700669744464,23.702,4.3612,0.5561861520998865,28.35857204,40.00540451837685,2.131849716231555,4984.0,-0.0022022022022022414,15,0.5819838601210492,20.1509,-8.7435,2.3851999999999998,8.3211,29.3583,16.4873,34.4002,2,0.757,True,,0.6699999999999999,0.15000000000000002,0.6000000000000001,0.08,0.3,0.2,0.4065000000000001,0.4065000000000001,B 中 moat
920247.BJ,华密新材,橡胶,20221223,1337,881,13.76,0.042424242424242475,-0.22783389450056124,-0.4531001589825119,False,-0.6384655806621116,-0.6531791907514443,0.23110607482469137,0.8689501655097387,0.00011001584010972287,-0.0642468878031166,-0.15269871015481173,-0.16358700669744464,55.6657,5.3964,0.4960272417707151,26.01369266,81.1828409385471,6.76657922814983,8473.0,-0.016026013238880532,15,0.736436418035333,9.3135,19.5019,19.252049999999997,14.260849999999998,30.422,8.9565,27.2813,4,0.69,True,,0.43,0.45,0.5,0.0,0.3,0.3,0.38650000000000007,0.38650000000000007,B 中 moat
920640.BJ,富士达,通信设备,20200727,2216,881,25.09,0.001596806387225591,-0.24541353383458642,-0.5013910969793323,False,-0.5519642857142855,-0.5682142857142856,0.1290024789828934,0.6486328430879849,-0.04071742019690716,-0.08182652713714178,-0.20098964815163212,-0.16358700669744464,60.3863,5.0134,0.5051078320090806,47.1009552,130.99663268200908,2.3547288308740066,13543.0,0.2836966824644549,14,0.6687474637648033,8.6435,2.2127,30.030874999999998,14.596975,30.4512,6.397,35.9126,4,2.118,True,,0.32999999999999996,0.55,0.5,0.0,0.14999999999999997,0.2,0.36150000000000004,0.36150000000000004,B 中 moat
920174.BJ,五新智能,工程机械,20210820,1827,871,28.23,0.09588509316770177,-0.2671339563862929,-0.38227571115973746,False,-0.6568615534216604,-0.6868846481098823,0.43359815221429177,0.6820815761659155,0.05357086658356902,-0.10354694968884826,-0.08187426233203732,-0.16358700669744464,26.7343,2.2952,0.6337543053960965,61.232250730000004,90.66015396319175,3.3433845005740532,10121.0,0.7410975399965594,15,0.9343417453551948,11.8017,104.8484,12.241549999999998,29.8595,30.7461,12.8164,43.1622,2,1.522,True,,0.5,0.32,0.45,0.0,0.13,0.2,0.343,0.343,B 中 moat
920015.BJ,锦华新材,化工原料,20250925,330,218,39.05,-0.1657765434736168,-0.08931902985074636,-0.2290227048371175,False,-0.4397417503586798,-0.45224171539961,-0.08438203010439049,0.8104385778725297,-0.20809077005774956,0.07426797684669828,0.07137874399058264,-0.16358700669744464,36.572,3.142,0.6651376146788991,52.938783459999996,202.450026886789,11.134566513761468,5086.0,-0.15836505047162008,31,0.6093498740136589,15.4425,-43.8246,-24.9754,-21.985325,24.6055,15.5279,19.4195,0,1.452,True,,0.6000000000000001,0.0,0.4,0.0,0.55,0.5,0.34,0.34,C 价格战赛道
920060.BJ,万源通,元器件,20241119,640,428,21.37,0.06636726546906191,-0.27828436339074636,-0.41097023153252477,False,-0.5958774583963689,-0.6210287443267775,-0.39905269879126504,0.5161724603880846,0.024053038884929157,-0.11469735669330172,-0.11056878270482462,-0.16358700669744464,28.3176,2.9782,0.02570093457943925,32.49194448,164.20377930130843,7.8165109813084115,9404.0,-0.056581059390048205,12,0.591853693782209,11.8599,-35.0925,-4.7985750000000005,13.163574999999998,17.014,7.0768,42.8832,3,1.387,True,,0.32999999999999996,0.0,0.9,0.0,0.39999999999999997,0.3,0.334,0.334,C 低 moat
920533.BJ,骏创科技,汽车配件,20220524,1550,881,17.88,0.10438542310067933,-0.20639147802929436,-0.37916666666666676,False,-0.7339285714285715,-0.7590773809523811,0.024696819908795797,0.8371277380751991,0.06207119651654658,-0.042804471331849725,-0.07876521783896662,-0.16358700669744464,55.5686,6.1043,0.5698070374574348,23.37941025,97.81438615500569,6.756596935300794,7702.0,-0.2248389694041868,19,0.8544355047438751,10.0845,37.3262,6.637025000000001,5.6224750000000006,23.6658,5.9412,57.3293,2,0.807,True,,0.22999999999999998,0.25,0.5,0.06999999999999999,0.6799999999999999,0.3,0.3215,0.3215,C 低 moat
920720.BJ,吉冈精密,机械基件,20211124,1731,881,9.29,0.056882821387940874,-0.11607992388201716,-0.3316546762589929,False,-0.6632837984777096,-0.6814063066328382,-0.06184062495081133,0.7945100566590663,0.014568594803808121,0.04750708281542748,-0.031253227431292774,-0.16358700669744464,42.7987,4.5033,0.40408626560726446,24.60840549,51.74930157741203,6.273785130533485,8423.0,-0.048678563361192695,14,0.6059520274590559,12.4253,-35.3009,0.49735000000000085,23.115175,20.7843,6.3153,43.9504,3,0.64,True,,0.32999999999999996,0.13999999999999996,0.55,0.15000000000000002,0.3,0.3,0.30400000000000005,0.30400000000000005,C 低 moat
920491.BJ,奥迪威,元器件,20220614,1529,881,21.52,-0.020928116469517755,-0.22839727500896378,-0.23307198859586598,False,-0.4536684437674541,-0.480154888673766,0.24768464248501587,0.625169651270898,-0.06324234305365051,-0.06481026831151915,0.06732946023183417,-0.16358700669744464,36.0685,2.7997,0.5039727582292849,30.374012339999997,109.26071030637911,3.7743228149829737,11788.0,-0.22016406456734583,14,0.5578186385531455,9.0443,-42.6645,-5.419549999999999,7.664625000000001,33.4131,9.1993,12.1056,3,2.177,True,,0.43,0.0,0.55,0.0,0.55,0.2,0.30400000000000005,0.30400000000000005,B 中 moat
920593.BJ,鼎智科技,机械基件,20230413,1226,815,23.69,0.016738197424892798,-0.17225716282320058,-0.2917787742899851,False,-0.8327095544099997,-0.9039615846338538,-0.12794838909535677,0.9237745489548863,-0.025576029159239955,-0.008670156125755946,0.008622674537715036,-0.16358700669744464,185.163,6.1472,0.7705521472392638,45.069247080000004,162.4992542078773,5.25160699386503,11166.0,-0.1866851190909753,16,0.6146206461269118,4.3101,-44.144,-15.82535,25.879199999999997,44.8054,9.0703,16.348,1,2.038,True,,0.43,0.0,0.25,0.0,0.55,0.3,0.249,0.249,B 中 moat
920806.BJ,云星宇,软件服务,20240111,953,632,10.1,0.06315789473684208,-0.030710172744721764,-0.251297257227576,False,-0.47148090005233034,-0.5107273678702267,-0.07307211990006846,0.6426872984820826,0.020843668152709327,0.13287683395272287,0.049104191600124136,-0.16358700669744464,41.1375,1.9434,0.46677215189873417,30.374403370000003,98.49075897194619,6.398515031645569,8885.0,-0.12755302435192462,13,1.1189362600895838,5.0178,-12.0904,-27.286075,-17.984150000000003,10.7674,3.8945,61.7044,0,1.068,True,,0.0,0.0,0.55,0.27,0.6799999999999999,0.3,0.22000000000000003,0.22000000000000003,C 低 moat
920185.BJ,贝特瑞,化工原料,20200727,2216,881,20.4,0.042411854879918165,-0.23076923076923084,-0.31749749079959855,False,-0.6215213358070515,-0.7497217068645639,-0.17661878327200198,0.5396389478166193,9.762829578541243e-05,-0.0671822240717862,-0.0170960419718984,-0.16358700669744464,27.0168,1.8015,0.5856980703745743,232.19084119000001,155.87783597189556,0.5193704880817253,25856.0,0.19598501318284844,14,0.7176657298308954,7.0554,-8.8658,-0.8275250000000001,19.585449999999998,19.9535,5.2226,58.1845,1,6.29,True,,0.13,0.0,0.6000000000000001,0.0,0.14999999999999997,0.1,0.17900000000000002,0.17900000000000002,C 价格战赛道
920019.BJ,铜冠矿建,建筑工程,20241011,679,455,14.74,0.10000000000000009,-0.19277108433734946,-0.3756882676831851,False,-0.5905555555555548,-0.6277777777777771,-0.3762753005409647,0.6485729762464059,0.057685773415867336,-0.029184077639904826,-0.07528681885548494,-0.16358700669744464,86.2851,3.3143,0.778021978021978,30.993311580000004,104.20210632949453,6.958821538461538,8844.0,-0.011291224147568446,12,0.7096372763370001,4.4074,-20.9225,-24.209799999999998,12.687375,12.5338,4.0909,53.4857,0,0.776,True,,0.0,0.0,0.25,0.06999999999999999,0.3,0.3,0.102,0.102,C 低 moat
920029.BJ,开发科技,电器仪表,20250328,511,342,34.5,0.12158647594278271,-0.4884341637010676,-0.6169220519653564,False,-0.7169346898588775,-0.747620610436495,-0.4267355223309838,0.51718400617476,0.07927224935864996,-0.324847157003623,-0.3165206031376563,-0.16358700669744464,12.8154,1.8872,0.07309941520467836,71.39469089,152.9499298555263,4.719386842105263,8485.0,-0.6559344714326264,13,1.0413292192917676,24.1759,-73.6718,-0.988700000000005,1.1980499999999985,36.5228,10.1047,25.2187,3,1.839,False,最新季净利同比崩盘 (-74%),0.8500000000000001,0.0,1.0,0.0,0.8300000000000001,0.2,0.548,-9.452,B 中 moat
920493.BJ,并行科技,软件服务,20231101,1024,682,114.18,0.07201201765092491,-0.21075551254579372,-0.34716981132075475,False,-0.5850112669913501,-0.628843497855637,0.3994310102066816,0.8773078116105588,0.029697791066792156,-0.047168505848349085,-0.046768362493054605,-0.16358700669744464,341.9303,14.8896,0.058011049723756904,69.17247622,314.43579737029324,7.291799413489736,13012.0,-0.2838745184369841,13,1.1527966830179157,3.0734,222.9258,105.77635000000001,81.34219999999999,20.0251,2.4916,77.9512,4,3.808,False,PE_TTM 极高 (342),0.0,0.9,0.7,0.0,0.8300000000000001,0.5,0.47300000000000003,-9.527,C 低 moat
920799.BJ,艾融软件,软件服务,20200727,2216,881,31.19,0.15390307066222708,0.04664429530201342,-0.2924228675136116,False,-0.6800041038268188,-0.7226839027393046,0.5522813935456026,0.7776387989475697,0.11158884407809433,0.21023130199945805,0.007978581314088573,-0.16358700669744464,151.7349,15.5467,0.7298524404086265,65.23245026000001,202.05751486113505,4.124062315550511,14723.0,-0.25569991405894543,14,0.81584419365589,15.7511,-84.2942,4.2352750000000015,-8.665025,26.9768,3.4873,60.8861,2,2.174,False,最新季净利同比崩盘 (-84%),0.38,0.0,0.25,0.5,0.8300000000000001,0.4,0.317,-9.683,B 中 moat
920809.BJ,安达科技,电气设备,20230323,1247,829,7.66,0.03934871099050197,-0.08700834326579265,0.021333333333333426,False,-0.3178984861976841,-0.7212822796081924,-0.10496443291625224,0.5930032158759324,-0.0029655155936307853,0.07657866343165198,0.3217347821610336,-0.16358700669744464,101.1953,2.6963,0.9217391304347826,45.887229999999995,87.34387428410135,3.087171049457177,17765.0,-0.0021905189844978468,15,0.6376296796002089,-15.2544,179.5607,123.8972,115.90235000000001,12.0354,3.9788,73.1769,4,3.198,False,ROE 大幅亏损 (-15.3%),0.0,0.9,0.1,0.3,0.3,0.2,0.31500000000000006,-9.685,C 低 moat
920438.BJ,戈碧迦,元器件,20240325,879,586,122.18,0.022426778242677914,0.6533152909336941,1.5448864819829207,True,-0.2504754309551558,-0.6589279617616937,0.9943822704665066,0.9044552273007342,-0.01988744834145484,0.8169022976311388,1.845287930810621,-0.16358700669744464,546.091,17.9413,0.9556313993174061,176.5024498,269.42160546588735,6.389544709897612,6296.0,-0.15308044121603448,13,0.6444574449945033,3.1006,31.1564,-38.172125,0.8812499999999996,28.9126,7.639,39.8167,1,8.346,False,PE_TTM 极高 (546),0.25,0.0,0.1,0.65,0.55,0.5,0.24000000000000002,-9.76,B 中 moat
920819.BJ,颖泰生物,农药化肥,20200727,2216,881,2.99,0.15444015444015458,-0.0033333333333332993,-0.2562189054726367,True,-0.4651162790697696,-0.6368515205724512,-0.1454202331425548,0.4285934752016161,0.11212592785602182,0.16025367336411134,0.04418254335506344,-0.16358700669744464,,0.7701,,36.65142,34.15752154124858,0.6960004540295118,21590.0,-0.1359161130232931,15,1.1108658240704172,-5.2282,-62.6232,-252.4629,-2.460725,14.1863,0.1411,57.1321,1,1.155,False,最新季净利同比崩盘 (-63%),0.0,0.0,0.5,0.62,0.6799999999999999,0.1,0.235,-9.765,C 低 moat
920088.BJ,科力股份,石油开采,20241029,661,443,46.2,-0.1283018867924528,0.28333333333333344,-0.12450255827174528,True,-0.48194662480376804,-0.6473424534649025,0.13820669513405504,0.9813080209900609,-0.17061611337658555,0.4469203400307781,0.17589889055595487,-0.16358700669744464,87.5393,5.8063,0.891647855530474,40.689033,207.49715376930024,17.769750564334085,11168.0,1.089820359281437,13,1.0752819368356439,8.4285,-69.8828,-15.6782,20.947325,27.8215,5.7256,23.6741,2,1.554,False,最新季净利同比崩盘 (-70%),0.43,0.0,0.1,0.42000000000000004,0.13,0.5,0.22900000000000004,-9.771,B 中 moat
920139.BJ,华岭股份,半导体,20221028,1393,881,14.69,-0.05225806451612902,-0.2388601036269431,-0.3141923436041084,False,-0.6806521739130432,-0.7008695652173911,0.12269865462879426,0.6887783284750609,-0.09457229110026177,-0.07527309692949846,-0.013790894776408269,-0.16358700669744464,,3.8257,,39.59063588,139.84225241644725,2.443838251986379,15103.0,-0.2622606486908948,15,0.8467807585076724,-5.2193,34.2312,-89.55462499999999,13.211525,14.0819,-5.5818,18.2456,1,2.125,False,ROE 大幅亏损 (-5.2%),0.0,0.0,0.5,0.0,0.8300000000000001,0.2,0.19300000000000003,-9.807,C 低 moat
920821.BJ,则成电子,元器件,20220706,1507,881,17.56,0.007458405048766492,-0.19560238204306002,-0.29675610732879454,False,-0.6555511965476661,-0.6871322087092979,0.21803431264310347,0.8817037053551259,-0.03485582153536626,-0.03201537534561538,0.0036453414989056077,-0.16358700669744464,437.2301,4.6446,0.9954597048808173,24.296349460000002,84.53746479316685,7.28307139614075,6377.0,-0.3330195586235749,15,0.9314813718765996,2.9137,-84.5487,-78.039775,-4.0032499999999995,25.0429,0.9257,37.9224,0,0.612,False,最新季净利同比崩盘 (-85%),0.2,0.0,0.1,0.0,0.8300000000000001,0.3,0.17800000000000005,-9.822,B 中 moat
920402.BJ,硅烷科技,化工原料,20220928,1423,881,8.78,0.026900584795321425,-0.13155291790306634,-0.13326752221125382,False,-0.49569213095921605,-0.6812176909821933,-0.11231918392272533,0.5998955759253376,-0.015413641788811328,0.0320340887943783,0.16713392661644633,-0.16358700669744464,,2.5203,,37.05687388,70.3685306061748,2.1376480136208853,11073.0,0.0650187554102144,15,0.5002786901689027,-7.0441,-118.0652,-174.3336,-42.853649999999995,-42.7947,-56.1287,18.8224,0,1.221,False,最新季净利同比崩盘 (-118%),0.0,0.0,0.5,0.22000000000000003,0.3,0.2,0.16200000000000003,-9.838,C 价格战赛道
920068.BJ,天工股份,小金属,20250513,465,314,15.27,0.08760683760683774,-0.15354767184035478,-0.3090497737556561,False,-0.37775061124694476,-0.4278728606356976,-0.1921652432433404,0.46900083996504055,0.04529261102270499,0.010039334857089854,-0.008648324927955975,-0.16358700669744464,109.6014,7.4584,0.554140127388535,100.11012229,100.59932670974523,7.428325796178345,7021.0,76.15384615384616,10,0.7866106823672914,11.8211,-99.7957,-56.753575,-29.56575,7.0312,-0.8348,14.0922,0,0.809,False,最新季净利同比崩盘 (-100%),0.13,0.0,0.4,0.15000000000000002,0.0,0.3,0.14900000000000002,-9.850999999999999,C 低 moat
920047.BJ,诺思兰德,生物制药,20201124,2096,881,17.04,0.024654239326518335,-0.47391170114232795,-0.24900837373292206,False,-0.5116079105760967,-0.5434221840068791,0.05280508878151635,0.5681342100922612,-0.017659987257614418,-0.3103246944448833,0.051393075094778085,-0.16358700669744464,,17.5959,,46.73594437,69.95116332074915,1.9442450624290577,6905.0,-0.07265645984421165,14,0.5758643388900084,-17.6395,-53.9999,-13.351099999999999,-3.775275,60.5591,-77.1683,34.7756,1,2.711,False,ROE 大幅亏损 (-17.6%),0.0,0.0,0.5,0.0,0.39999999999999997,0.1,0.14500000000000002,-9.855,A 高 moat
920522.BJ,纳科诺尔,专用机械,20231116,1009,671,19.05,0.07627118644067798,-0.42706766917293226,-0.7370600414078675,False,-0.7609786700125472,-0.7779171894604768,0.028764695830559628,0.7885465939320788,0.03395695985654523,-0.2634806624754876,-0.43665859258016737,-0.16358700669744464,89.8641,3.8412,0.6870342771982116,41.80541702,206.24708653807747,5.1303837555886735,9487.0,-0.0887522812409951,12,1.1101637972434577,6.2137,-62.5759,-57.978474999999996,-1.7200500000000005,14.6557,3.688,58.2705,0,2.951,False,最新季净利同比崩盘 (-63%),0.0,0.0,0.25,0.0,0.53,0.5,0.128,-9.872,C 低 moat
920368.BJ,连城数控,专用机械,20200727,2216,881,23.32,0.05807622504537213,-0.34217207334273625,-0.6364770070148091,False,-0.6680427046263342,-0.7296603773584902,-0.18991650868657373,0.6133660519220868,0.01576199846123938,-0.1785850666452916,-0.336075558187109,-0.16358700669744464,315.6013,1.2931,0.9171396140749148,54.75079861,147.1744685937571,1.8792971623155506,16602.0,0.03310516490354698,14,0.6781825024289871,2.0152,-84.6888,-75.4656,-57.85705,15.7779,1.4933,49.6383,0,2.918,False,最新季净利同比崩盘 (-85%),0.1,0.0,0.1,0.0,0.3,0.1,0.085,-9.915,C 低 moat
920808.BJ,曙光数创,IT设备,20221118,1372,871,59.94,-0.07213622291021671,-0.24641689715866244,-0.3256834289571381,False,-0.6752979414951246,-0.8593716143011917,0.22703825761687835,0.8941034590635634,-0.11445044949434946,-0.0828298904612178,-0.025281980129437942,-0.16358700669744464,579.8334,16.84,0.8566037735849057,119.8800006,208.3885253744776,2.5484092996555687,13229.0,-0.09767410135734256,14,0.6253260525500204,4.9851,-51.7101,-532.3019249999999,240.26225,3.5246,-46.2143,60.4462,0,2.931,False,PE_TTM 极高 (580),0.0,0.0,0.1,0.0,0.39999999999999997,0.4,0.08000000000000002,-9.92,C 低 moat
920576.BJ,天力复合,小金属,20230712,1136,756,39.87,0.009622689288427244,-0.36208000000000007,-0.5178960096735188,False,-0.6677223101925162,-0.6838903241936829,0.2869384533800623,0.8573119139036584,-0.03269153729570551,-0.19849299330255543,-0.21749456084581864,-0.16358700669744464,516.7831,9.9093,0.9404761904761905,43.438365000000005,129.38360019203705,3.8564203703703708,9649.0,0.6547761961927627,14,0.8144087246021463,4.5558,-78.9527,-69.6825,-15.702075,17.9746,1.7017,35.0258,0,1.125,False,最新季净利同比崩盘 (-79%),0.1,0.0,0.1,0.0,0.13,0.2,0.07300000000000001,-9.927,C 低 moat
