symbol,ts_code,name,data_asof,close,pct_chg,m_DIF,m_DEA,m_HIST,m_rel_max_pct,m_rel_dif_pct,m_dif_abs_pctile,w_DIF,w_DEA,w_HIST,w_bull,w_x_1,w_x_2,w_x_3,w_x_4,w_x_8,m_near_3,m_near_5,m_near_8,m_zero_side
300002,300002.SZ,神州泰岳,2026-07-14,7.9,-1.74,-0.432,0.2435,-1.351,5.469,5.469,0.163,-0.9966,-0.9761,-0.041,False,,,,,,False,False,True,below
300014,300014.SZ,亿纬锂能,2026-07-14,52.26,1.0,2.4619,2.6137,-0.3036,5.001,4.711,0.116,-2.6329,-1.1858,-2.8942,False,,,,,,False,False,True,above
300015,300015.SZ,爱尔眼科,2026-07-14,8.4,1.82,-2.2067,-2.2501,0.0867,26.786,26.27,0.326,-0.7608,-0.6915,-0.1385,False,,,,,,False,False,False,below
300017,300017.SZ,网宿科技,2026-07-14,14.27,-2.86,1.6414,1.6322,0.0184,11.502,11.502,0.884,-0.1068,0.4348,-1.0834,False,,,,,,False,False,False,above
300024,300024.SZ,机器人,2026-07-14,15.21,0.73,0.6295,1.0336,-0.8082,6.796,4.139,0.419,-0.223,-0.3809,0.3157,True,,,,,,False,False,True,above
300033,300033.SZ,同花顺,2026-07-14,217.69,0.6,12.6279,30.9342,-36.6125,14.21,5.801,0.442,-24.2056,-25.0474,1.6836,True,,,2.0,2.0,2.0,False,False,False,above
300058,300058.SZ,蓝色光标,2026-07-14,12.42,-2.82,2.0955,1.865,0.461,16.872,16.872,0.884,0.0125,0.7557,-1.4864,False,,,,,,False,False,False,above
300059,300059.SZ,东方财富,2026-07-14,19.6,-1.21,0.1672,0.849,-1.3637,4.332,0.853,0.093,-0.7315,-0.9452,0.4274,True,,,,3.0,3.0,False,True,True,above
300073,300073.SZ,当升科技,2026-07-14,41.24,0.98,1.4073,2.1168,-1.4189,5.133,3.413,0.116,-3.1954,-1.3771,-3.6366,False,,,,,,False,False,True,above
300115,300115.SZ,长盈精密,2026-07-14,28.5,-3.85,4.1679,5.3106,-2.2853,18.634,14.624,0.767,-1.4659,-0.801,-1.3298,False,,,,,,False,False,False,above
300122,300122.SZ,智飞生物,2026-07-14,12.06,1.34,-8.3096,-9.2634,1.9077,76.811,68.902,0.163,-1.7087,-1.6485,-0.1204,False,,,,,,False,False,False,below
300124,300124.SZ,汇川技术,2026-07-14,60.25,-1.15,0.8888,1.945,-2.1124,3.228,1.475,0.233,-1.8791,-0.8366,-2.085,False,,,,,,False,True,True,above
300136,300136.SZ,信维通信,2026-07-14,89.7,3.93,20.1725,13.4911,13.3628,22.489,22.489,1.0,11.9272,13.5143,-3.1742,False,,,,,,False,False,False,above
300207,300207.SZ,欣旺达,2026-07-14,16.68,0.36,0.3558,1.4571,-2.2026,8.736,2.133,0.116,-2.4109,-1.5099,-1.802,False,,,,,,False,False,False,above
300223,300223.SZ,北京君正,2026-07-14,207.69,9.21,30.7294,16.4965,28.4658,14.796,14.796,1.0,29.6454,20.8564,17.578,True,,,,,,False,False,False,above
300251,300251.SZ,光线传媒,2026-07-14,11.51,-2.46,0.3904,1.5042,-2.2277,13.069,3.392,0.605,-1.5689,-1.4002,-0.3374,False,,,,,,False,False,False,above
300255,300255.SZ,常山药业,2026-07-14,25.24,-0.39,4.3908,8.1191,-7.4565,32.168,17.396,0.674,-6.049,-4.5127,-3.0726,False,,,,,,False,False,False,above
300274,300274.SZ,阳光电源,2026-07-14,108.29,0.27,14.2543,13.7528,1.003,13.163,13.163,0.837,-5.9383,-1.0029,-9.8708,False,,,,,7.0,False,False,False,above
300308,300308.SZ,中际旭创,2026-07-14,1184.05,6.86,253.1356,163.6928,178.8855,21.379,21.379,1.0,172.5766,166.5627,12.0279,True,,,,,,False,False,False,above
300316,300316.SZ,晶盛机电,2026-07-14,42.87,-0.16,2.1451,-0.2174,4.7251,5.004,5.004,0.326,1.8774,2.5758,-1.3968,False,,,,,4.0,False,False,True,above
300339,300339.SZ,润和软件,2026-07-14,35.7,-4.16,0.906,4.0475,-6.2829,11.337,2.538,0.372,-3.1923,-2.9198,-0.545,False,,,,,,False,False,False,above
300346,300346.SZ,南大光电,2026-07-14,70.53,0.54,9.1737,5.5023,7.3427,13.007,13.007,1.0,7.0226,5.1451,3.755,True,,,,,6.0,False,False,False,above
300347,300347.SZ,泰格医药,2026-07-14,48.7,6.08,-4.709,-4.6835,-0.051,9.669,9.669,0.279,-3.007,-3.1649,0.3157,True,0.0,0.0,0.0,0.0,0.0,False,False,False,below
300373,300373.SZ,扬杰科技,2026-07-14,113.3,-0.01,17.6871,10.8895,13.5952,15.611,15.611,1.0,13.1262,10.1937,5.865,True,,,,,,False,False,False,above
300394,300394.SZ,天孚通信,2026-07-14,273.51,5.48,63.9713,50.479,26.9846,23.389,23.389,0.953,12.7072,31.3696,-37.3246,False,,,,,,False,False,False,above
300395,300395.SZ,菲利华,2026-07-14,102.16,3.8,19.6694,16.151,7.0368,19.254,19.254,0.977,5.8678,9.1794,-6.6233,False,,,,,,False,False,False,above
300408,300408.SZ,三环集团,2026-07-14,121.88,9.02,22.634,11.9713,21.3253,18.571,18.571,1.0,23.0304,20.6039,4.8531,True,,,,,,False,False,False,above
300418,300418.SZ,昆仑万维,2026-07-14,45.93,-4.71,3.2897,3.7111,-0.8427,8.08,7.162,0.512,-1.0415,-0.5706,-0.9419,False,,,,,,False,False,False,above
300433,300433.SZ,蓝思科技,2026-07-14,40.32,2.0,5.9147,4.5726,2.6843,14.669,14.669,1.0,4.48,3.5628,1.8344,True,,,,,,False,False,False,above
300442,300442.SZ,润泽科技,2026-07-14,71.6,-7.61,11.2381,9.5793,3.3176,15.696,15.696,0.93,2.3771,5.2054,-5.6566,False,,,,,,False,False,False,above
300450,300450.SZ,先导智能,2026-07-14,34.47,1.44,4.7209,5.131,-0.8202,14.886,13.696,0.488,-3.2344,-1.0511,-4.3665,False,,,,,,False,False,False,above
300458,300458.SZ,全志科技,2026-07-14,38.78,-2.93,1.7114,3.1244,-2.8261,8.057,4.413,0.535,-0.9524,-1.5898,1.2746,True,,,,3.0,3.0,False,False,False,above
300474,300474.SZ,景嘉微,2026-07-14,59.71,1.2,-3.6539,-1.489,-4.3298,6.119,6.119,0.721,-3.391,-3.8378,0.8935,True,,1.0,1.0,1.0,1.0,False,False,True,below
300476,300476.SZ,胜宏科技,2026-07-14,290.28,6.33,72.0196,66.4606,11.1181,24.81,24.81,0.953,9.6797,18.2364,-17.1134,False,,,,,,False,False,False,above
300496,300496.SZ,中科创达,2026-07-14,53.72,-3.73,-2.1433,-2.0245,-0.2376,3.99,3.99,0.279,-2.1147,-1.2857,-1.6579,False,,,,,,False,True,True,below
300502,300502.SZ,新易盛,2026-07-14,568.82,10.99,129.2959,99.9818,58.6283,22.731,22.731,1.0,45.6758,58.081,-24.8104,False,,,,,,False,False,False,above
300548,300548.SZ,长芯博创,2026-07-14,213.89,3.47,52.601,39.0793,27.0432,24.593,24.593,0.977,22.6643,28.9679,-12.6072,False,,,,,4.0,False,False,False,above
300604,300604.SZ,长川科技,2026-07-14,335.62,3.19,59.0664,31.7187,54.6954,17.599,17.599,1.0,55.5398,41.0436,28.9925,True,,,,,,False,False,False,above
300724,300724.SZ,捷佳伟创,2026-07-14,58.68,-0.73,1.1736,3.1626,-3.978,5.39,2.0,0.14,-10.3577,-6.1785,-8.3585,False,,,,,,False,False,True,above
300748,300748.SZ,金力永磁,2026-07-14,27.26,2.67,2.5824,3.007,-0.8493,11.031,9.473,0.372,-1.0896,-0.5384,-1.1024,False,,,,,,False,False,False,above
300750,300750.SZ,宁德时代,2026-07-14,364.01,1.38,33.9204,26.4675,14.9058,9.319,9.319,0.488,-0.0,9.5748,-19.1497,False,,,,,,False,False,False,above
300759,300759.SZ,康龙化成,2026-07-14,36.93,8.36,-0.9443,-2.1832,2.4778,5.912,2.557,0.047,0.4088,-0.6298,2.0773,True,,1.0,1.0,1.0,1.0,False,False,True,below
300760,300760.SZ,迈瑞医疗,2026-07-14,139.96,0.2,-33.4377,-27.4765,-11.9223,23.891,23.891,1.0,-14.76,-14.6928,-0.1344,False,,,,,,False,False,False,below
300763,300763.SZ,锦浪科技,2026-07-14,62.81,1.82,1.1767,-1.9619,6.2773,3.124,1.873,0.093,-2.6471,2.5106,-10.3154,False,,,,,,False,True,True,above
300782,300782.SZ,卓胜微,2026-07-14,86.71,-1.41,-0.4507,-4.4004,7.8994,5.075,0.52,0.093,3.3988,6.0293,-5.2611,False,,,,,,False,False,True,below
300803,300803.SZ,指南针,2026-07-14,79.1,1.02,6.474,12.0893,-11.2306,15.284,8.185,0.651,-8.4257,-7.3354,-2.1806,False,,,,,,False,False,False,above
300857,300857.SZ,协创数据,2026-07-14,269.83,2.66,56.6388,43.7299,25.8178,20.991,20.991,1.0,24.2275,25.5942,-2.7335,False,,,,3.0,3.0,False,False,False,above
301236,301236.SZ,软通动力,2026-07-14,39.51,-4.03,-2.0074,0.1517,-4.318,5.081,5.081,0.558,-1.8286,-2.3883,1.1194,True,,,,,5.0,False,False,True,below
301308,301308.SZ,江波龙,2026-07-14,538.51,3.15,117.6403,72.443,90.3947,21.846,21.846,1.0,84.8287,81.0303,7.5969,True,,,,,,False,False,False,above
302132,302132.SZ,中航成飞,2026-07-14,52.52,-3.03,2.4332,7.1442,-9.4219,13.603,4.633,0.047,-5.5333,-4.6909,-1.685,False,,,,,,False,False,False,above
688008,688008.SH,澜起科技,2026-07-14,270.0,6.81,47.7957,30.6903,34.2108,17.702,17.702,1.0,34.818,30.2084,9.2191,True,,,,,,False,False,False,above
688009,688009.SH,中国通号,2026-07-14,5.02,1.21,-0.1056,-0.0297,-0.1517,2.103,2.103,0.581,-0.1444,-0.1312,-0.0264,False,,,,,,True,True,True,below
688012,688012.SH,中微公司,2026-07-14,405.3,-0.81,60.3129,45.82,28.9858,14.881,14.881,1.0,27.1835,22.7589,8.8491,True,,,2.0,2.0,2.0,False,False,False,above
688017,688017.SH,绿的谐波,2026-07-14,386.87,1.94,55.6287,30.7582,49.7411,14.379,14.379,1.0,59.8285,48.3174,23.0221,True,,,,,,False,False,False,above
688027,688027.SH,国盾量子,2026-07-14,429.85,2.1,87.2657,90.2734,-6.0155,21.001,20.301,0.86,-18.814,4.1015,-45.831,False,,,,,,False,False,False,above
688036,688036.SH,传音控股,2026-07-14,62.4,-3.15,-11.6672,-11.0834,-1.1676,18.697,18.697,0.651,-1.1124,-2.6327,3.0406,True,,,,,,False,False,False,below
688041,688041.SH,海光信息,2026-07-14,340.85,-1.2,58.3418,46.1066,24.4705,17.117,17.117,1.0,28.5675,24.0112,9.1125,True,,,,,,False,False,False,above
688047,688047.SH,龙芯中科,2026-07-14,133.84,-3.36,8.6674,9.6812,-2.0276,7.233,6.476,0.721,-1.2304,0.7522,-3.9652,False,,,,,,False,False,True,above
688065,688065.SH,凯赛生物,2026-07-14,42.93,-0.19,-1.3301,-0.9141,-0.832,3.098,3.098,0.349,-1.555,-1.4185,-0.2729,False,,,2.0,2.0,2.0,False,True,True,below
688072,688072.SH,拓荆科技,2026-07-14,850.01,0.59,128.0963,61.1754,133.8418,15.07,15.07,1.0,120.8884,83.1565,75.4638,True,,,,,,False,False,False,above
688082,688082.SH,盛美上海,2026-07-14,387.88,-2.8,53.7229,28.9342,49.5776,13.85,13.85,1.0,58.9704,37.1304,43.6801,True,,,,,,False,False,False,above
688099,688099.SH,晶晨股份,2026-07-14,98.28,0.21,7.4883,6.1142,2.7481,7.619,7.619,0.977,2.6023,2.9037,-0.6028,False,,,,,,False,False,True,above
688111,688111.SH,金山办公,2026-07-14,222.63,-1.73,-16.2925,-5.6515,-21.2819,7.318,7.318,0.698,-20.043,-19.4665,-1.1531,False,,,,,,False,False,True,below
688114,688114.SH,华大智造,2026-07-14,52.04,-1.06,-5.3303,-4.6298,-1.4009,10.243,10.243,0.442,-2.1001,-2.9875,1.7748,True,,,,,5.0,False,False,False,below
688120,688120.SH,华海清科,2026-07-14,309.0,-5.07,21.9192,1.337,41.1645,7.094,7.094,0.93,31.9184,23.4844,16.868,True,,,,,,False,False,True,above
688122,688122.SH,西部超导,2026-07-14,50.92,-3.45,2.3117,2.8602,-1.0968,5.617,4.54,0.163,-4.908,-3.1354,-3.5451,False,,,,,,False,False,True,above
688126,688126.SH,沪硅产业,2026-07-14,34.58,-3.57,3.1145,1.4763,3.2764,9.007,9.007,1.0,3.7418,2.4019,2.6798,True,,,,,,False,False,False,above
688169,688169.SH,石头科技,2026-07-14,99.7,0.61,-45.8349,-40.938,-9.7938,45.973,45.973,1.0,-14.5468,-14.9566,0.8196,True,,1.0,1.0,1.0,1.0,False,False,False,below
688183,688183.SH,生益电子,2026-07-14,126.78,14.21,26.1423,21.2234,9.8379,20.62,20.62,1.0,11.2103,10.308,1.8046,True,,,,,,False,False,False,above
688187,688187.SH,时代电气,2026-07-14,48.18,-1.87,2.4991,1.7759,1.4463,5.187,5.187,0.698,0.3417,0.9255,-1.1676,False,,,,,,False,False,True,above
688188,688188.SH,柏楚电子,2026-07-14,93.99,0.04,-21.5135,-18.7778,-5.4714,22.889,22.889,1.0,-7.7013,-1.1153,-13.172,False,,,,,,False,False,False,below
688213,688213.SH,XD思特威-W,2026-07-14,95.18,-1.58,8.129,9.9117,-3.5654,10.414,8.541,0.605,1.0227,0.5454,0.9546,True,,,,,,False,False,False,above
688220,688220.SH,翱捷科技-U,2026-07-14,117.2,-3.42,12.1154,9.8359,4.5591,10.337,10.337,1.0,6.7363,4.405,4.6627,True,,,,,,False,False,False,above
688223,688223.SH,晶科能源,2026-07-14,4.08,0.49,-0.9904,-1.0745,0.1682,26.335,24.274,0.302,-0.5413,-0.2404,-0.6019,False,,,,,,False,False,False,below
688234,688234.SH,天岳先进,2026-07-14,134.02,-3.3,18.9305,10.0747,17.7116,14.125,14.125,1.0,15.6092,14.7689,1.6805,True,,,,,,False,False,False,above
688249,688249.SH,晶合集成,2026-07-14,51.3,0.41,7.2692,4.7537,5.0311,14.17,14.17,1.0,5.992,4.1229,3.7383,True,,,,,,False,False,False,above
688256,688256.SH,寒武纪,2026-07-14,1411.0,1.51,281.1791,268.1061,26.1461,19.928,19.928,0.86,55.1811,45.3303,19.7015,True,,,,,4.0,False,False,False,above
688271,688271.SH,联影医疗,2026-07-14,110.21,1.68,-6.8604,-4.7141,-4.2925,6.225,6.225,0.442,-5.4527,-5.5016,0.0977,True,0.0,0.0,0.0,0.0,0.0,False,False,True,below
688278,688278.SH,特宝生物,2026-07-14,55.68,-0.13,-0.9054,3.0992,-8.0092,5.566,1.626,0.279,-4.7942,-4.9709,0.3535,True,,1.0,1.0,1.0,1.0,False,False,True,below
688297,688297.SH,XD中无人,2026-07-14,39.95,-0.32,0.0143,0.9892,-1.9497,2.476,0.036,0.047,-1.9962,-1.3369,-1.3185,False,,,,,,True,True,True,above
688303,688303.SH,大全能源,2026-07-14,15.63,0.58,-3.0795,-2.6201,-0.9188,19.702,19.702,0.488,-2.1419,-1.7035,-0.8767,False,,,,,,False,False,False,below
688322,688322.SH,奥比中光-W,2026-07-14,111.52,1.74,18.0586,14.9938,6.1296,16.193,16.193,1.0,11.0353,9.0794,3.9118,True,,,,,,False,False,False,above
688349,688349.SH,三一重能,2026-07-14,13.79,0.15,-2.7461,-1.5874,-2.3173,19.913,19.913,1.0,-3.1867,-2.321,-1.7314,False,,,,,,False,False,False,below
688361,688361.SH,中科飞测,2026-07-14,391.88,0.48,62.5765,33.1962,58.7607,15.968,15.968,1.0,55.5089,34.8469,41.324,True,,,,,,False,False,False,above
688375,688375.SH,国博电子,2026-07-14,87.8,-10.93,9.6064,7.0195,5.1737,10.941,10.941,0.698,0.0776,3.0691,-5.983,False,,,,,,False,False,False,above
688396,688396.SH,华润微,2026-07-14,75.88,-2.22,6.6502,3.0696,7.1612,8.764,8.764,1.0,6.7785,4.5467,4.4637,True,,,,,,False,False,False,above
688469,688469.SH,芯联集成-U,2026-07-14,8.48,-2.08,0.918,0.5767,0.6825,10.825,10.825,1.0,0.616,0.4688,0.2944,True,,,,,,False,False,False,above
688472,688472.SH,阿特斯,2026-07-14,9.32,0.54,-0.3351,-0.1881,-0.294,3.596,3.596,0.289,-1.1216,-0.6606,-0.9221,False,,,,,,False,True,True,below
688506,688506.SH,百利天恒,2026-07-14,304.1,1.51,29.0594,39.3594,-20.6002,12.943,9.556,0.535,-4.4273,-12.9033,16.9518,True,,,2.0,2.0,2.0,False,False,False,above
688521,688521.SH,芯原股份,2026-07-14,270.33,-0.45,59.878,44.6754,30.4052,22.15,22.15,0.977,26.2852,25.7831,1.004,True,,,,3.0,3.0,False,False,False,above
688525,688525.SH,佰维存储,2026-07-14,358.37,5.56,77.8408,45.2155,65.2507,21.721,21.721,1.0,63.2553,58.1626,10.1855,True,,,,,,False,False,False,above
688538,688538.SH,和辉光电-U,2026-07-14,2.39,3.02,0.0039,0.02,-0.0321,0.835,0.165,0.116,-0.0333,-0.0562,0.0457,True,,,,,6.0,True,True,True,above
688568,688568.SH,中科星图,2026-07-14,34.68,-7.27,-0.8742,-0.0516,-1.6451,2.521,2.521,0.14,-4.8233,-2.135,-5.3764,False,,,,,,True,True,True,below
688578,688578.SH,艾力斯,2026-07-14,118.15,0.46,12.8255,13.6007,-1.5504,11.511,10.855,0.721,3.7968,0.0926,7.4084,True,,,2.0,2.0,2.0,False,False,False,above
688599,688599.SH,天合光能,2026-07-14,12.09,0.58,-4.0079,-4.7489,1.482,39.28,33.151,0.163,-1.2765,-0.8309,-0.8911,False,,,,,,False,False,False,below
688608,688608.SH,恒玄科技,2026-07-14,120.3,-6.04,-17.4953,4.457,-43.9045,14.543,14.543,0.651,-24.316,-21.4645,-5.703,False,,,,,,False,False,False,below
688617,688617.SH,惠泰医疗,2026-07-14,204.0,-1.55,-44.4514,-35.3944,-18.1141,21.79,21.79,1.0,-17.464,-16.7328,-1.4625,False,,,,,,False,False,False,below
688702,688702.SH,盛科通信-U,2026-07-14,376.61,-4.17,70.9346,42.5977,56.6739,18.835,18.835,1.0,51.7108,44.3946,14.6324,True,,,,,,False,False,False,above
688728,688728.SH,格科微,2026-07-14,19.15,-4.15,0.3706,-0.0985,0.9383,1.935,1.935,0.465,1.0798,0.2475,1.6644,True,,,,,,True,True,True,above
688777,688777.SH,中控技术,2026-07-14,98.24,2.23,10.1909,3.8744,12.6331,10.374,10.374,0.698,11.9291,10.581,2.6961,True,,,,,,False,False,False,above
688981,688981.SH,中芯国际,2026-07-14,160.99,-1.58,20.3111,16.878,6.8661,12.616,12.616,1.0,10.9513,6.4591,8.9845,True,,,,,,False,False,False,above
689009,689009.SH,九号公司-WD,2026-07-14,38.52,3.77,-1.0372,2.3702,-6.8149,6.153,2.693,0.488,-4.3894,-4.6389,0.4989,True,,1.0,1.0,1.0,1.0,False,False,True,below
